행정구역,연도,월,성별,연령대,인구수
전국,2024,1,전체,전체,47769183
전국,2024,1,전체,10대,4641317
전국,2024,1,전체,20대,6157572
전국,2024,1,전체,30대,6539251
전국,2024,1,전체,40대,7858190
전국,2024,1,전체,50대,8647623
전국,2024,1,전체,60대 이상,13925230
전국,2024,1,남,전체,23731033
전국,2024,1,남,10대,2387873
전국,2024,1,남,20대,3214660
전국,2024,1,남,30대,3401321
전국,2024,1,남,40대,3990850
전국,2024,1,남,50대,4355915
전국,2024,1,남,60대 이상,6380414
전국,2024,1,여,전체,24038150
전국,2024,1,여,10대,2253444
전국,2024,1,여,20대,2942912
전국,2024,1,여,30대,3137930
전국,2024,1,여,40대,3867340
전국,2024,1,여,50대,4291708
전국,2024,1,여,60대 이상,7544816
전국,2024,2,전체,전체,47777097
전국,2024,2,전체,10대,4637840
전국,2024,2,전체,20대,6132110
전국,2024,2,전체,30대,6521286
전국,2024,2,전체,40대,7857191
전국,2024,2,전체,50대,8656279
전국,2024,2,전체,60대 이상,13972391
전국,2024,2,남,전체,23734867
전국,2024,2,남,10대,2385899
전국,2024,2,남,20대,3200343
전국,2024,2,남,30대,3393419
전국,2024,2,남,40대,3991691
전국,2024,2,남,50대,4359590
전국,2024,2,남,60대 이상,6403925
전국,2024,2,여,전체,24042230
전국,2024,2,여,10대,2251941
전국,2024,2,여,20대,2931767
전국,2024,2,여,30대,3127867
전국,2024,2,여,40대,3865500
전국,2024,2,여,50대,4296689
전국,2024,2,여,60대 이상,7568466
전국,2024,3,전체,전체,47787106
전국,2024,3,전체,10대,4631266
전국,2024,3,전체,20대,6114398
전국,2024,3,전체,30대,6534610
전국,2024,3,전체,40대,7827625
전국,2024,3,전체,50대,8653376
전국,2024,3,전체,60대 이상,14025831
전국,2024,3,남,전체,23739456
전국,2024,3,남,10대,2382365
전국,2024,3,남,20대,3190615
전국,2024,3,남,30대,3401390
전국,2024,3,남,40대,3977107
전국,2024,3,남,50대,4358234
전국,2024,3,남,60대 이상,6429745
전국,2024,3,여,전체,24047650
전국,2024,3,여,10대,2248901
전국,2024,3,여,20대,2923783
전국,2024,3,여,30대,3133220
전국,2024,3,여,40대,3850518
전국,2024,3,여,50대,4295142
전국,2024,3,여,60대 이상,7596086
전국,2024,4,전체,전체,47796172
전국,2024,4,전체,10대,4628620
전국,2024,4,전체,20대,6094918
전국,2024,4,전체,30대,6546276
전국,2024,4,전체,40대,7797986
전국,2024,4,전체,50대,8662269
전국,2024,4,전체,60대 이상,14066103
전국,2024,4,남,전체,23743590
전국,2024,4,남,10대,2380836
전국,2024,4,남,20대,3179701
전국,2024,4,남,30대,3408489
전국,2024,4,남,40대,3961756
전국,2024,4,남,50대,4363213
전국,2024,4,남,60대 이상,6449595
전국,2024,4,여,전체,24052582
전국,2024,4,여,10대,2247784
전국,2024,4,여,20대,2915217
전국,2024,4,여,30대,3137787
전국,2024,4,여,40대,3836230
전국,2024,4,여,50대,4299056
전국,2024,4,여,60대 이상,7616508
전국,2024,5,전체,전체,47803724
전국,2024,5,전체,10대,4626249
전국,2024,5,전체,20대,6074874
전국,2024,5,전체,30대,6557541
전국,2024,5,전체,40대,7777875
전국,2024,5,전체,50대,8662367
전국,2024,5,전체,60대 이상,14104818
전국,2024,5,남,전체,23746541
전국,2024,5,남,10대,2379304
전국,2024,5,남,20대,3168389
전국,2024,5,남,30대,3415167
전국,2024,5,남,40대,3951482
전국,2024,5,남,50대,4363589
전국,2024,5,남,60대 이상,6468610
전국,2024,5,여,전체,24057183
전국,2024,5,여,10대,2246945
전국,2024,5,여,20대,2906485
전국,2024,5,여,30대,3142374
전국,2024,5,여,40대,3826393
전국,2024,5,여,50대,4298778
전국,2024,5,여,60대 이상,7636208
전국,2024,6,전체,전체,47813908
전국,2024,6,전체,10대,4625065
전국,2024,6,전체,20대,6056745
전국,2024,6,전체,30대,6565708
전국,2024,6,전체,40대,7762386
전국,2024,6,전체,50대,8666398
전국,2024,6,전체,60대 이상,14137606
전국,2024,6,남,전체,23751049
전국,2024,6,남,10대,2378612
전국,2024,6,남,20대,3158090
전국,2024,6,남,30대,3420069
전국,2024,6,남,40대,3943255
전국,2024,6,남,50대,4366100
전국,2024,6,남,60대 이상,6484923
전국,2024,6,여,전체,24062859
전국,2024,6,여,10대,2246453
전국,2024,6,여,20대,2898655
전국,2024,6,여,30대,3145639
전국,2024,6,여,40대,3819131
전국,2024,6,여,50대,4300298
전국,2024,6,여,60대 이상,7652683
서울특별시,2024,1,전체,전체,8802754
서울특별시,2024,1,전체,10대,730047
서울특별시,2024,1,전체,20대,1346933
서울특별시,2024,1,전체,30대,1418471
서울특별시,2024,1,전체,40대,1404422
서울특별시,2024,1,전체,50대,1478356
서울특별시,2024,1,전체,60대 이상,2424525
서울특별시,2024,1,남,전체,4239815
서울특별시,2024,1,남,10대,373765
서울특별시,2024,1,남,20대,638498
서울특별시,2024,1,남,30대,709533
서울특별시,2024,1,남,40대,694471
서울특별시,2024,1,남,50대,725215
서울특별시,2024,1,남,60대 이상,1098333
서울특별시,2024,1,여,전체,4562939
서울특별시,2024,1,여,10대,356282
서울특별시,2024,1,여,20대,708435
서울특별시,2024,1,여,30대,708938
서울특별시,2024,1,여,40대,709951
서울특별시,2024,1,여,50대,753141
서울특별시,2024,1,여,60대 이상,1326192
서울특별시,2024,2,전체,전체,8808005
서울특별시,2024,2,전체,10대,731355
서울특별시,2024,2,전체,20대,1345518
서울특별시,2024,2,전체,30대,1414862
서울특별시,2024,2,전체,40대,1405251
서울특별시,2024,2,전체,50대,1479003
서울특별시,2024,2,전체,60대 이상,2432016
서울특별시,2024,2,남,전체,4241271
서울특별시,2024,2,남,10대,373972
서울특별시,2024,2,남,20대,637461
서울특별시,2024,2,남,30대,707558
서울특별시,2024,2,남,40대,694982
서울특별시,2024,2,남,50대,725624
서울특별시,2024,2,남,60대 이상,1101674
서울특별시,2024,2,여,전체,4566734
서울특별시,2024,2,여,10대,357383
서울특별시,2024,2,여,20대,708057
서울특별시,2024,2,여,30대,707304
서울특별시,2024,2,여,40대,710269
서울특별시,2024,2,여,50대,753379
서울특별시,2024,2,여,60대 이상,1330342
서울특별시,2024,3,전체,전체,8809458
서울특별시,2024,3,전체,10대,731004
서울특별시,2024,3,전체,20대,1343922
서울특별시,2024,3,전체,30대,1418327
서울특별시,2024,3,전체,40대,1399117
서울특별시,2024,3,전체,50대,1477886
서울특별시,2024,3,전체,60대 이상,2439202
서울특별시,2024,3,남,전체,4240957
서울특별시,2024,3,남,10대,373560
서울특별시,2024,3,남,20대,635968
서울특별시,2024,3,남,30대,709417
서울특별시,2024,3,남,40대,691941
서울특별시,2024,3,남,50대,725227
서울특별시,2024,3,남,60대 이상,1104844
서울특별시,2024,3,여,전체,4568501
서울특별시,2024,3,여,10대,357444
서울특별시,2024,3,여,20대,707954
서울특별시,2024,3,여,30대,708910
서울특별시,2024,3,여,40대,707176
서울특별시,2024,3,여,50대,752659
서울특별시,2024,3,여,60대 이상,1334358
서울특별시,2024,4,전체,전체,8805943
서울특별시,2024,4,전체,10대,729141
서울특별시,2024,4,전체,20대,1340571
서울특별시,2024,4,전체,30대,1420990
서울특별시,2024,4,전체,40대,1393505
서울특별시,2024,4,전체,50대,1478050
서울특별시,2024,4,전체,60대 이상,2443686
서울특별시,2024,4,남,전체,4238563
서울특별시,2024,4,남,10대,372594
서울특별시,2024,4,남,20대,633968
서울특별시,2024,4,남,30대,710802
서울특별시,2024,4,남,40대,689124
서울특별시,2024,4,남,50대,725305
서울특별시,2024,4,남,60대 이상,1106770
서울특별시,2024,4,여,전체,4567380
서울특별시,2024,4,여,10대,356547
서울특별시,2024,4,여,20대,706603
서울특별시,2024,4,여,30대,710188
서울특별시,2024,4,여,40대,704381
서울특별시,2024,4,여,50대,752745
서울특별시,2024,4,여,60대 이상,1336916
서울특별시,2024,5,전체,전체,8801756
서울특별시,2024,5,전체,10대,727396
서울특별시,2024,5,전체,20대,1335946
서울특별시,2024,5,전체,30대,1423611
서울특별시,2024,5,전체,40대,1389540
서울특별시,2024,5,전체,50대,1476807
서울특별시,2024,5,전체,60대 이상,2448456
서울특별시,2024,5,남,전체,4235796
서울특별시,2024,5,남,10대,371731
서울특별시,2024,5,남,20대,631271
서울특별시,2024,5,남,30대,712058
서울특별시,2024,5,남,40대,687012
서울특별시,2024,5,남,50대,724867
서울특별시,2024,5,남,60대 이상,1108857
서울특별시,2024,5,여,전체,4565960
서울특별시,2024,5,여,10대,355665
서울특별시,2024,5,여,20대,704675
서울특별시,2024,5,여,30대,711553
서울특별시,2024,5,여,40대,702528
서울특별시,2024,5,여,50대,751940
서울특별시,2024,5,여,60대 이상,1339599
서울특별시,2024,6,전체,전체,8798415
서울특별시,2024,6,전체,10대,725793
서울특별시,2024,6,전체,20대,1331319
서울특별시,2024,6,전체,30대,1425700
서울특별시,2024,6,전체,40대,1386171
서울특별시,2024,6,전체,50대,1476764
서울특별시,2024,6,전체,60대 이상,2452668
서울특별시,2024,6,남,전체,4233699
서울특별시,2024,6,남,10대,371018
서울특별시,2024,6,남,20대,628666
서울특별시,2024,6,남,30대,713080
서울특별시,2024,6,남,40대,685148
서울특별시,2024,6,남,50대,725076
서울특별시,2024,6,남,60대 이상,1110711
서울특별시,2024,6,여,전체,4564716
서울특별시,2024,6,여,10대,354775
서울특별시,2024,6,여,20대,702653
서울특별시,2024,6,여,30대,712620
서울특별시,2024,6,여,40대,701023
서울특별시,2024,6,여,50대,751688
서울특별시,2024,6,여,60대 이상,1341957
부산광역시,2024,1,전체,전체,3083901
부산광역시,2024,1,전체,10대,263087
부산광역시,2024,1,전체,20대,374593
부산광역시,2024,1,전체,30대,388359
부산광역시,2024,1,전체,40대,480515
부산광역시,2024,1,전체,50대,538492
부산광역시,2024,1,전체,60대 이상,1038855
부산광역시,2024,1,남,전체,1497202
부산광역시,2024,1,남,10대,134936
부산광역시,2024,1,남,20대,192214
부산광역시,2024,1,남,30대,199865
부산광역시,2024,1,남,40대,242491
부산광역시,2024,1,남,50대,262704
부산광역시,2024,1,남,60대 이상,464992
부산광역시,2024,1,여,전체,1586699
부산광역시,2024,1,여,10대,128151
부산광역시,2024,1,여,20대,182379
부산광역시,2024,1,여,30대,188494
부산광역시,2024,1,여,40대,238024
부산광역시,2024,1,여,50대,275788
부산광역시,2024,1,여,60대 이상,573863
부산광역시,2024,2,전체,전체,3083495
부산광역시,2024,2,전체,10대,263249
부산광역시,2024,2,전체,20대,373226
부산광역시,2024,2,전체,30대,387022
부산광역시,2024,2,전체,40대,480118
부산광역시,2024,2,전체,50대,538545
부산광역시,2024,2,전체,60대 이상,1041335
부산광역시,2024,2,남,전체,1496901
부산광역시,2024,2,남,10대,134900
부산광역시,2024,2,남,20대,191474
부산광역시,2024,2,남,30대,199312
부산광역시,2024,2,남,40대,242363
부산광역시,2024,2,남,50대,262728
부산광역시,2024,2,남,60대 이상,466124
부산광역시,2024,2,여,전체,1586594
부산광역시,2024,2,여,10대,128349
부산광역시,2024,2,여,20대,181752
부산광역시,2024,2,여,30대,187710
부산광역시,2024,2,여,40대,237755
부산광역시,2024,2,여,50대,275817
부산광역시,2024,2,여,60대 이상,575211
부산광역시,2024,3,전체,전체,3082553
부산광역시,2024,3,전체,10대,262928
부산광역시,2024,3,전체,20대,371703
부산광역시,2024,3,전체,30대,387518
부산광역시,2024,3,전체,40대,478374
부산광역시,2024,3,전체,50대,537557
부산광역시,2024,3,전체,60대 이상,1044473
부산광역시,2024,3,남,전체,1496363
부산광역시,2024,3,남,10대,134729
부산광역시,2024,3,남,20대,190738
부산광역시,2024,3,남,30대,199578
부산광역시,2024,3,남,40대,241482
부산광역시,2024,3,남,50대,262360
부산광역시,2024,3,남,60대 이상,467476
부산광역시,2024,3,여,전체,1586190
부산광역시,2024,3,여,10대,128199
부산광역시,2024,3,여,20대,180965
부산광역시,2024,3,여,30대,187940
부산광역시,2024,3,여,40대,236892
부산광역시,2024,3,여,50대,275197
부산광역시,2024,3,여,60대 이상,576997
부산광역시,2024,4,전체,전체,3081314
부산광역시,2024,4,전체,10대,262759
부산광역시,2024,4,전체,20대,370035
부산광역시,2024,4,전체,30대,387985
부산광역시,2024,4,전체,40대,476768
부산광역시,2024,4,전체,50대,537178
부산광역시,2024,4,전체,60대 이상,1046589
부산광역시,2024,4,남,전체,1495511
부산광역시,2024,4,남,10대,134688
부산광역시,2024,4,남,20대,189741
부산광역시,2024,4,남,30대,199792
부산광역시,2024,4,남,40대,240777
부산광역시,2024,4,남,50대,262230
부산광역시,2024,4,남,60대 이상,468283
부산광역시,2024,4,여,전체,1585803
부산광역시,2024,4,여,10대,128071
부산광역시,2024,4,여,20대,180294
부산광역시,2024,4,여,30대,188193
부산광역시,2024,4,여,40대,235991
부산광역시,2024,4,여,50대,274948
부산광역시,2024,4,여,60대 이상,578306
부산광역시,2024,5,전체,전체,3080275
부산광역시,2024,5,전체,10대,262633
부산광역시,2024,5,전체,20대,368603
부산광역시,2024,5,전체,30대,388363
부산광역시,2024,5,전체,40대,475566
부산광역시,2024,5,전체,50대,536546
부산광역시,2024,5,전체,60대 이상,1048564
부산광역시,2024,5,남,전체,1494931
부산광역시,2024,5,남,10대,134646
부산광역시,2024,5,남,20대,188888
부산광역시,2024,5,남,30대,200118
부산광역시,2024,5,남,40대,240149
부산광역시,2024,5,남,50대,262041
부산광역시,2024,5,남,60대 이상,469089
부산광역시,2024,5,여,전체,1585344
부산광역시,2024,5,여,10대,127987
부산광역시,2024,5,여,20대,179715
부산광역시,2024,5,여,30대,188245
부산광역시,2024,5,여,40대,235417
부산광역시,2024,5,여,50대,274505
부산광역시,2024,5,여,60대 이상,579475
부산광역시,2024,6,전체,전체,3079358
부산광역시,2024,6,전체,10대,262584
부산광역시,2024,6,전체,20대,367203
부산광역시,2024,6,전체,30대,388453
부산광역시,2024,6,전체,40대,474520
부산광역시,2024,6,전체,50대,536404
부산광역시,2024,6,전체,60대 이상,1050194
부산광역시,2024,6,남,전체,1494320
부산광역시,2024,6,남,10대,134640
부산광역시,2024,6,남,20대,188217
부산광역시,2024,6,남,30대,200096
부산광역시,2024,6,남,40대,239564
부산광역시,2024,6,남,50대,262076
부산광역시,2024,6,남,60대 이상,469727
부산광역시,2024,6,여,전체,1585038
부산광역시,2024,6,여,10대,127944
부산광역시,2024,6,여,20대,178986
부산광역시,2024,6,여,30대,188357
부산광역시,2024,6,여,40대,234956
부산광역시,2024,6,여,50대,274328
부산광역시,2024,6,여,60대 이상,580467
대구광역시,2024,1,전체,전체,2215973
대구광역시,2024,1,전체,10대,213716
대구광역시,2024,1,전체,20대,280492
대구광역시,2024,1,전체,30대,278729
대구광역시,2024,1,전체,40대,353457
대구광역시,2024,1,전체,50대,418555
대구광역시,2024,1,전체,60대 이상,671024
대구광역시,2024,1,남,전체,1084397
대구광역시,2024,1,남,10대,110285
대구광역시,2024,1,남,20대,147806
대구광역시,2024,1,남,30대,148362
대구광역시,2024,1,남,40대,174826
대구광역시,2024,1,남,50대,203913
대구광역시,2024,1,남,60대 이상,299205
대구광역시,2024,1,여,전체,1131576
대구광역시,2024,1,여,10대,103431
대구광역시,2024,1,여,20대,132686
대구광역시,2024,1,여,30대,130367
대구광역시,2024,1,여,40대,178631
대구광역시,2024,1,여,50대,214642
대구광역시,2024,1,여,60대 이상,371819
대구광역시,2024,2,전체,전체,2214826
대구광역시,2024,2,전체,10대,213305
대구광역시,2024,2,전체,20대,278623
대구광역시,2024,2,전체,30대,278416
대구광역시,2024,2,전체,40대,352829
대구광역시,2024,2,전체,50대,418481
대구광역시,2024,2,전체,60대 이상,673172
대구광역시,2024,2,남,전체,1083696
대구광역시,2024,2,남,10대,109988
대구광역시,2024,2,남,20대,146854
대구광역시,2024,2,남,30대,148276
대구광역시,2024,2,남,40대,174559
대구광역시,2024,2,남,50대,203836
대구광역시,2024,2,남,60대 이상,300183
대구광역시,2024,2,여,전체,1131130
대구광역시,2024,2,여,10대,103317
대구광역시,2024,2,여,20대,131769
대구광역시,2024,2,여,30대,130140
대구광역시,2024,2,여,40대,178270
대구광역시,2024,2,여,50대,214645
대구광역시,2024,2,여,60대 이상,372989
대구광역시,2024,3,전체,전체,2213636
대구광역시,2024,3,전체,10대,212640
대구광역시,2024,3,전체,20대,277129
대구광역시,2024,3,전체,30대,278829
대구광역시,2024,3,전체,40대,351370
대구광역시,2024,3,전체,50대,417714
대구광역시,2024,3,전체,60대 이상,675954
대구광역시,2024,3,남,전체,1082991
대구광역시,2024,3,남,10대,109550
대구광역시,2024,3,남,20대,146084
대구광역시,2024,3,남,30대,148528
대구광역시,2024,3,남,40대,173947
대구광역시,2024,3,남,50대,203480
대구광역시,2024,3,남,60대 이상,301402
대구광역시,2024,3,여,전체,1130645
대구광역시,2024,3,여,10대,103090
대구광역시,2024,3,여,20대,131045
대구광역시,2024,3,여,30대,130301
대구광역시,2024,3,여,40대,177423
대구광역시,2024,3,여,50대,214234
대구광역시,2024,3,여,60대 이상,374552
대구광역시,2024,4,전체,전체,2213135
대구광역시,2024,4,전체,10대,212526
대구광역시,2024,4,전체,20대,275760
대구광역시,2024,4,전체,30대,279440
대구광역시,2024,4,전체,40대,349932
대구광역시,2024,4,전체,50대,417577
대구광역시,2024,4,전체,60대 이상,677900
대구광역시,2024,4,남,전체,1082450
대구광역시,2024,4,남,10대,109441
대구광역시,2024,4,남,20대,145242
대구광역시,2024,4,남,30대,148917
대구광역시,2024,4,남,40대,173254
대구광역시,2024,4,남,50대,203398
대구광역시,2024,4,남,60대 이상,302198
대구광역시,2024,4,여,전체,1130685
대구광역시,2024,4,여,10대,103085
대구광역시,2024,4,여,20대,130518
대구광역시,2024,4,여,30대,130523
대구광역시,2024,4,여,40대,176678
대구광역시,2024,4,여,50대,214179
대구광역시,2024,4,여,60대 이상,375702
대구광역시,2024,5,전체,전체,2212998
대구광역시,2024,5,전체,10대,212487
대구광역시,2024,5,전체,20대,274705
대구광역시,2024,5,전체,30대,279742
대구광역시,2024,5,전체,40대,348869
대구광역시,2024,5,전체,50대,417226
대구광역시,2024,5,전체,60대 이상,679969
대구광역시,2024,5,남,전체,1082269
대구광역시,2024,5,남,10대,109382
대구광역시,2024,5,남,20대,144570
대구광역시,2024,5,남,30대,149129
대구광역시,2024,5,남,40대,172779
대구광역시,2024,5,남,50대,203243
대구광역시,2024,5,남,60대 이상,303166
대구광역시,2024,5,여,전체,1130729
대구광역시,2024,5,여,10대,103105
대구광역시,2024,5,여,20대,130135
대구광역시,2024,5,여,30대,130613
대구광역시,2024,5,여,40대,176090
대구광역시,2024,5,여,50대,213983
대구광역시,2024,5,여,60대 이상,376803
대구광역시,2024,6,전체,전체,2213148
대구광역시,2024,6,전체,10대,212510
대구광역시,2024,6,전체,20대,273645
대구광역시,2024,6,전체,30대,280231
대구광역시,2024,6,전체,40대,348071
대구광역시,2024,6,전체,50대,417151
대구광역시,2024,6,전체,60대 이상,681540
대구광역시,2024,6,남,전체,1082295
대구광역시,2024,6,남,10대,109409
대구광역시,2024,6,남,20대,143956
대구광역시,2024,6,남,30대,149476
대구광역시,2024,6,남,40대,172394
대구광역시,2024,6,남,50대,203199
대구광역시,2024,6,남,60대 이상,303861
대구광역시,2024,6,여,전체,1130853
대구광역시,2024,6,여,10대,103101
대구광역시,2024,6,여,20대,129689
대구광역시,2024,6,여,30대,130755
대구광역시,2024,6,여,40대,175677
대구광역시,2024,6,여,50대,213952
대구광역시,2024,6,여,60대 이상,377679
인천광역시,2024,1,전체,전체,2783455
인천광역시,2024,1,전체,10대,271751
인천광역시,2024,1,전체,20대,361916
인천광역시,2024,1,전체,30대,411170
인천광역시,2024,1,전체,40대,477438
인천광역시,2024,1,전체,50대,512971
인천광역시,2024,1,전체,60대 이상,748209
인천광역시,2024,1,남,전체,1387891
인천광역시,2024,1,남,10대,139411
인천광역시,2024,1,남,20대,187568
인천광역시,2024,1,남,30대,214124
인천광역시,2024,1,남,40대,245023
인천광역시,2024,1,남,50대,254975
인천광역시,2024,1,남,60대 이상,346790
인천광역시,2024,1,여,전체,1395564
인천광역시,2024,1,여,10대,132340
인천광역시,2024,1,여,20대,174348
인천광역시,2024,1,여,30대,197046
인천광역시,2024,1,여,40대,232415
인천광역시,2024,1,여,50대,257996
인천광역시,2024,1,여,60대 이상,401419
인천광역시,2024,2,전체,전체,2786646
인천광역시,2024,2,전체,10대,271775
인천광역시,2024,2,전체,20대,360557
인천광역시,2024,2,전체,30대,411056
인천광역시,2024,2,전체,40대,478220
인천광역시,2024,2,전체,50대,513277
인천광역시,2024,2,전체,60대 이상,751761
인천광역시,2024,2,남,전체,1389322
인천광역시,2024,2,남,10대,139415
인천광역시,2024,2,남,20대,186696
인천광역시,2024,2,남,30대,214093
인천광역시,2024,2,남,40대,245570
인천광역시,2024,2,남,50대,255118
인천광역시,2024,2,남,60대 이상,348430
인천광역시,2024,2,여,전체,1397324
인천광역시,2024,2,여,10대,132360
인천광역시,2024,2,여,20대,173861
인천광역시,2024,2,여,30대,196963
인천광역시,2024,2,여,40대,232650
인천광역시,2024,2,여,50대,258159
인천광역시,2024,2,여,60대 이상,403331
인천광역시,2024,3,전체,전체,2790249
인천광역시,2024,3,전체,10대,271528
인천광역시,2024,3,전체,20대,359824
인천광역시,2024,3,전체,30대,412896
인천광역시,2024,3,전체,40대,476947
인천광역시,2024,3,전체,50대,513284
인천광역시,2024,3,전체,60대 이상,755770
인천광역시,2024,3,남,전체,1391141
인천광역시,2024,3,남,10대,139325
인천광역시,2024,3,남,20대,186221
인천광역시,2024,3,남,30대,215100
인천광역시,2024,3,남,40대,244960
인천광역시,2024,3,남,50대,255200
인천광역시,2024,3,남,60대 이상,350335
인천광역시,2024,3,여,전체,1399108
인천광역시,2024,3,여,10대,132203
인천광역시,2024,3,여,20대,173603
인천광역시,2024,3,여,30대,197796
인천광역시,2024,3,여,40대,231987
인천광역시,2024,3,여,50대,258084
인천광역시,2024,3,여,60대 이상,405435
인천광역시,2024,4,전체,전체,2793488
인천광역시,2024,4,전체,10대,271509
인천광역시,2024,4,전체,20대,358937
인천광역시,2024,4,전체,30대,414321
인천광역시,2024,4,전체,40대,475892
인천광역시,2024,4,전체,50대,513748
인천광역시,2024,4,전체,60대 이상,759081
인천광역시,2024,4,남,전체,1392748
인천광역시,2024,4,남,10대,139300
인천광역시,2024,4,남,20대,185754
인천광역시,2024,4,남,30대,215939
인천광역시,2024,4,남,40대,244385
인천광역시,2024,4,남,50대,255504
인천광역시,2024,4,남,60대 이상,351866
인천광역시,2024,4,여,전체,1400740
인천광역시,2024,4,여,10대,132209
인천광역시,2024,4,여,20대,173183
인천광역시,2024,4,여,30대,198382
인천광역시,2024,4,여,40대,231507
인천광역시,2024,4,여,50대,258244
인천광역시,2024,4,여,60대 이상,407215
인천광역시,2024,5,전체,전체,2795463
인천광역시,2024,5,전체,10대,271432
인천광역시,2024,5,전체,20대,357672
인천광역시,2024,5,전체,30대,415386
인천광역시,2024,5,전체,40대,475096
인천광역시,2024,5,전체,50대,513817
인천광역시,2024,5,전체,60대 이상,762060
인천광역시,2024,5,남,전체,1393611
인천광역시,2024,5,남,10대,139295
인천광역시,2024,5,남,20대,185082
인천광역시,2024,5,남,30대,216479
인천광역시,2024,5,남,40대,243919
인천광역시,2024,5,남,50대,255562
인천광역시,2024,5,남,60대 이상,353274
인천광역시,2024,5,여,전체,1401852
인천광역시,2024,5,여,10대,132137
인천광역시,2024,5,여,20대,172590
인천광역시,2024,5,여,30대,198907
인천광역시,2024,5,여,40대,231177
인천광역시,2024,5,여,50대,258255
인천광역시,2024,5,여,60대 이상,408786
인천광역시,2024,6,전체,전체,2797275
인천광역시,2024,6,전체,10대,271357
인천광역시,2024,6,전체,20대,356411
인천광역시,2024,6,전체,30대,416244
인천광역시,2024,6,전체,40대,474546
인천광역시,2024,6,전체,50대,514095
인천광역시,2024,6,전체,60대 이상,764622
인천광역시,2024,6,남,전체,1394527
인천광역시,2024,6,남,10대,139291
인천광역시,2024,6,남,20대,184322
인천광역시,2024,6,남,30대,217008
인천광역시,2024,6,남,40대,243614
인천광역시,2024,6,남,50대,255752
인천광역시,2024,6,남,60대 이상,354540
인천광역시,2024,6,여,전체,1402748
인천광역시,2024,6,여,10대,132066
인천광역시,2024,6,여,20대,172089
인천광역시,2024,6,여,30대,199236
인천광역시,2024,6,여,40대,230932
인천광역시,2024,6,여,50대,258343
인천광역시,2024,6,여,60대 이상,410082
광주광역시,2024,1,전체,전체,1314841
광주광역시,2024,1,전체,10대,147178
광주광역시,2024,1,전체,20대,189791
광주광역시,2024,1,전체,30대,172866
광주광역시,2024,1,전체,40대,225883
광주광역시,2024,1,전체,50대,240101
광주광역시,2024,1,전체,60대 이상,339022
광주광역시,2024,1,남,전체,646841
광주광역시,2024,1,남,10대,75985
광주광역시,2024,1,남,20대,99065
광주광역시,2024,1,남,30대,89135
광주광역시,2024,1,남,40대,112352
광주광역시,2024,1,남,50대,118569
광주광역시,2024,1,남,60대 이상,151735
광주광역시,2024,1,여,전체,668000
광주광역시,2024,1,여,10대,71193
광주광역시,2024,1,여,20대,90726
광주광역시,2024,1,여,30대,83731
광주광역시,2024,1,여,40대,113531
광주광역시,2024,1,여,50대,121532
광주광역시,2024,1,여,60대 이상,187287
광주광역시,2024,2,전체,전체,1314209
광주광역시,2024,2,전체,10대,146801
광주광역시,2024,2,전체,20대,188530
광주광역시,2024,2,전체,30대,172300
광주광역시,2024,2,전체,40대,226147
광주광역시,2024,2,전체,50대,240439
광주광역시,2024,2,전체,60대 이상,339992
광주광역시,2024,2,남,전체,646478
광주광역시,2024,2,남,10대,75751
광주광역시,2024,2,남,20대,98361
광주광역시,2024,2,남,30대,88917
광주광역시,2024,2,남,40대,112549
광주광역시,2024,2,남,50대,118740
광주광역시,2024,2,남,60대 이상,152160
광주광역시,2024,2,여,전체,667731
광주광역시,2024,2,여,10대,71050
광주광역시,2024,2,여,20대,90169
광주광역시,2024,2,여,30대,83383
광주광역시,2024,2,여,40대,113598
광주광역시,2024,2,여,50대,121699
광주광역시,2024,2,여,60대 이상,187832
광주광역시,2024,3,전체,전체,1313614
광주광역시,2024,3,전체,10대,146379
광주광역시,2024,3,전체,20대,187683
광주광역시,2024,3,전체,30대,172526
광주광역시,2024,3,전체,40대,225199
광주광역시,2024,3,전체,50대,240800
광주광역시,2024,3,전체,60대 이상,341027
광주광역시,2024,3,남,전체,646189
광주광역시,2024,3,남,10대,75518
광주광역시,2024,3,남,20대,97957
광주광역시,2024,3,남,30대,89043
광주광역시,2024,3,남,40대,112132
광주광역시,2024,3,남,50대,118878
광주광역시,2024,3,남,60대 이상,152661
광주광역시,2024,3,여,전체,667425
광주광역시,2024,3,여,10대,70861
광주광역시,2024,3,여,20대,89726
광주광역시,2024,3,여,30대,83483
광주광역시,2024,3,여,40대,113067
광주광역시,2024,3,여,50대,121922
광주광역시,2024,3,여,60대 이상,188366
광주광역시,2024,4,전체,전체,1313429
광주광역시,2024,4,전체,10대,146346
광주광역시,2024,4,전체,20대,186956
광주광역시,2024,4,전체,30대,172721
광주광역시,2024,4,전체,40대,223968
광주광역시,2024,4,전체,50대,241413
광주광역시,2024,4,전체,60대 이상,342025
광주광역시,2024,4,남,전체,646139
광주광역시,2024,4,남,10대,75476
광주광역시,2024,4,남,20대,97621
광주광역시,2024,4,남,30대,89182
광주광역시,2024,4,남,40대,111488
광주광역시,2024,4,남,50대,119191
광주광역시,2024,4,남,60대 이상,153181
광주광역시,2024,4,여,전체,667290
광주광역시,2024,4,여,10대,70870
광주광역시,2024,4,여,20대,89335
광주광역시,2024,4,여,30대,83539
광주광역시,2024,4,여,40대,112480
광주광역시,2024,4,여,50대,122222
광주광역시,2024,4,여,60대 이상,188844
광주광역시,2024,5,전체,전체,1313371
광주광역시,2024,5,전체,10대,146233
광주광역시,2024,5,전체,20대,186335
광주광역시,2024,5,전체,30대,172936
광주광역시,2024,5,전체,40대,223192
광주광역시,2024,5,전체,50대,241558
광주광역시,2024,5,전체,60대 이상,343117
광주광역시,2024,5,남,전체,646063
광주광역시,2024,5,남,10대,75407
광주광역시,2024,5,남,20대,97287
광주광역시,2024,5,남,30대,89308
광주광역시,2024,5,남,40대,111119
광주광역시,2024,5,남,50대,119278
광주광역시,2024,5,남,60대 이상,153664
광주광역시,2024,5,여,전체,667308
광주광역시,2024,5,여,10대,70826
광주광역시,2024,5,여,20대,89048
광주광역시,2024,5,여,30대,83628
광주광역시,2024,5,여,40대,112073
광주광역시,2024,5,여,50대,122280
광주광역시,2024,5,여,60대 이상,189453
광주광역시,2024,6,전체,전체,1313301
광주광역시,2024,6,전체,10대,146142
광주광역시,2024,6,전체,20대,185779
광주광역시,2024,6,전체,30대,172995
광주광역시,2024,6,전체,40대,222532
광주광역시,2024,6,전체,50대,241760
광주광역시,2024,6,전체,60대 이상,344093
광주광역시,2024,6,남,전체,646022
광주광역시,2024,6,남,10대,75380
광주광역시,2024,6,남,20대,96920
광주광역시,2024,6,남,30대,89425
광주광역시,2024,6,남,40대,110770
광주광역시,2024,6,남,50대,119382
광주광역시,2024,6,남,60대 이상,154145
광주광역시,2024,6,여,전체,667279
광주광역시,2024,6,여,10대,70762
광주광역시,2024,6,여,20대,88859
광주광역시,2024,6,여,30대,83570
광주광역시,2024,6,여,40대,111762
광주광역시,2024,6,여,50대,122378
광주광역시,2024,6,여,60대 이상,189948
대전광역시,2024,1,전체,전체,1340227
대전광역시,2024,1,전체,10대,137405
대전광역시,2024,1,전체,20대,198118
대전광역시,2024,1,전체,30대,187312
대전광역시,2024,1,전체,40대,218148
대전광역시,2024,1,전체,50대,242316
대전광역시,2024,1,전체,60대 이상,356928
대전광역시,2024,1,남,전체,666236
대전광역시,2024,1,남,10대,70921
대전광역시,2024,1,남,20대,103594
대전광역시,2024,1,남,30대,98993
대전광역시,2024,1,남,40대,108737
대전광역시,2024,1,남,50대,120645
대전광역시,2024,1,남,60대 이상,163346
대전광역시,2024,1,여,전체,673991
대전광역시,2024,1,여,10대,66484
대전광역시,2024,1,여,20대,94524
대전광역시,2024,1,여,30대,88319
대전광역시,2024,1,여,40대,109411
대전광역시,2024,1,여,50대,121671
대전광역시,2024,1,여,60대 이상,193582
대전광역시,2024,2,전체,전체,1340733
대전광역시,2024,2,전체,10대,137489
대전광역시,2024,2,전체,20대,197767
대전광역시,2024,2,전체,30대,186833
대전광역시,2024,2,전체,40대,217847
대전광역시,2024,2,전체,50대,242693
대전광역시,2024,2,전체,60대 이상,358104
대전광역시,2024,2,남,전체,666443
대전광역시,2024,2,남,10대,70829
대전광역시,2024,2,남,20대,103445
대전광역시,2024,2,남,30대,98802
대전광역시,2024,2,남,40대,108688
대전광역시,2024,2,남,50대,120739
대전광역시,2024,2,남,60대 이상,163940
대전광역시,2024,2,여,전체,674290
대전광역시,2024,2,여,10대,66660
대전광역시,2024,2,여,20대,94322
대전광역시,2024,2,여,30대,88031
대전광역시,2024,2,여,40대,109159
대전광역시,2024,2,여,50대,121954
대전광역시,2024,2,여,60대 이상,194164
대전광역시,2024,3,전체,전체,1341392
대전광역시,2024,3,전체,10대,137204
대전광역시,2024,3,전체,20대,197756
대전광역시,2024,3,전체,30대,187254
대전광역시,2024,3,전체,40대,216999
대전광역시,2024,3,전체,50대,242570
대전광역시,2024,3,전체,60대 이상,359609
대전광역시,2024,3,남,전체,666695
대전광역시,2024,3,남,10대,70608
대전광역시,2024,3,남,20대,103430
대전광역시,2024,3,남,30대,99075
대전광역시,2024,3,남,40대,108287
대전광역시,2024,3,남,50대,120630
대전광역시,2024,3,남,60대 이상,164665
대전광역시,2024,3,여,전체,674697
대전광역시,2024,3,여,10대,66596
대전광역시,2024,3,여,20대,94326
대전광역시,2024,3,여,30대,88179
대전광역시,2024,3,여,40대,108712
대전광역시,2024,3,여,50대,121940
대전광역시,2024,3,여,60대 이상,194944
대전광역시,2024,4,전체,전체,1341504
대전광역시,2024,4,전체,10대,136975
대전광역시,2024,4,전체,20대,197299
대전광역시,2024,4,전체,30대,187625
대전광역시,2024,4,전체,40대,216074
대전광역시,2024,4,전체,50대,242903
대전광역시,2024,4,전체,60대 이상,360628
대전광역시,2024,4,남,전체,666859
대전광역시,2024,4,남,10대,70530
대전광역시,2024,4,남,20대,103212
대전광역시,2024,4,남,30대,99321
대전광역시,2024,4,남,40대,107827
대전광역시,2024,4,남,50대,120800
대전광역시,2024,4,남,60대 이상,165169
대전광역시,2024,4,여,전체,674645
대전광역시,2024,4,여,10대,66445
대전광역시,2024,4,여,20대,94087
대전광역시,2024,4,여,30대,88304
대전광역시,2024,4,여,40대,108247
대전광역시,2024,4,여,50대,122103
대전광역시,2024,4,여,60대 이상,195459
대전광역시,2024,5,전체,전체,1341766
대전광역시,2024,5,전체,10대,136824
대전광역시,2024,5,전체,20대,196732
대전광역시,2024,5,전체,30대,188079
대전광역시,2024,5,전체,40대,215407
대전광역시,2024,5,전체,50대,243058
대전광역시,2024,5,전체,60대 이상,361666
대전광역시,2024,5,남,전체,667012
대전광역시,2024,5,남,10대,70487
대전광역시,2024,5,남,20대,102873
대전광역시,2024,5,남,30대,99596
대전광역시,2024,5,남,40대,107530
대전광역시,2024,5,남,50대,120903
대전광역시,2024,5,남,60대 이상,165623
대전광역시,2024,5,여,전체,674754
대전광역시,2024,5,여,10대,66337
대전광역시,2024,5,여,20대,93859
대전광역시,2024,5,여,30대,88483
대전광역시,2024,5,여,40대,107877
대전광역시,2024,5,여,50대,122155
대전광역시,2024,5,여,60대 이상,196043
대전광역시,2024,6,전체,전체,1341625
대전광역시,2024,6,전체,10대,136536
대전광역시,2024,6,전체,20대,196165
대전광역시,2024,6,전체,30대,188292
대전광역시,2024,6,전체,40대,215030
대전광역시,2024,6,전체,50대,243148
대전광역시,2024,6,전체,60대 이상,362454
대전광역시,2024,6,남,전체,666830
대전광역시,2024,6,남,10대,70346
대전광역시,2024,6,남,20대,102501
대전광역시,2024,6,남,30대,99695
대전광역시,2024,6,남,40대,107350
대전광역시,2024,6,남,50대,120944
대전광역시,2024,6,남,60대 이상,165994
대전광역시,2024,6,여,전체,674795
대전광역시,2024,6,여,10대,66190
대전광역시,2024,6,여,20대,93664
대전광역시,2024,6,여,30대,88597
대전광역시,2024,6,여,40대,107680
대전광역시,2024,6,여,50대,122204
대전광역시,2024,6,여,60대 이상,196460
울산광역시,2024,1,전체,전체,1021569
울산광역시,2024,1,전체,10대,109434
울산광역시,2024,1,전체,20대,121970
울산광역시,2024,1,전체,30대,136246
울산광역시,2024,1,전체,40대,176775
울산광역시,2024,1,전체,50대,204053
울산광역시,2024,1,전체,60대 이상,273091
울산광역시,2024,1,남,전체,524579
울산광역시,2024,1,남,10대,57045
울산광역시,2024,1,남,20대,69375
울산광역시,2024,1,남,30대,73963
울산광역시,2024,1,남,40대,90943
울산광역시,2024,1,남,50대,102299
울산광역시,2024,1,남,60대 이상,130954
울산광역시,2024,1,여,전체,496990
울산광역시,2024,1,여,10대,52389
울산광역시,2024,1,여,20대,52595
울산광역시,2024,1,여,30대,62283
울산광역시,2024,1,여,40대,85832
울산광역시,2024,1,여,50대,101754
울산광역시,2024,1,여,60대 이상,142137
울산광역시,2024,2,전체,전체,1021018
울산광역시,2024,2,전체,10대,109102
울산광역시,2024,2,전체,20대,121275
울산광역시,2024,2,전체,30대,135634
울산광역시,2024,2,전체,40대,176728
울산광역시,2024,2,전체,50대,204046
울산광역시,2024,2,전체,60대 이상,274233
울산광역시,2024,2,남,전체,524474
울산광역시,2024,2,남,10대,56910
울산광역시,2024,2,남,20대,69078
울산광역시,2024,2,남,30대,73693
울산광역시,2024,2,남,40대,91011
울산광역시,2024,2,남,50대,102254
울산광역시,2024,2,남,60대 이상,131528
울산광역시,2024,2,여,전체,496544
울산광역시,2024,2,여,10대,52192
울산광역시,2024,2,여,20대,52197
울산광역시,2024,2,여,30대,61941
울산광역시,2024,2,여,40대,85717
울산광역시,2024,2,여,50대,101792
울산광역시,2024,2,여,60대 이상,142705
울산광역시,2024,3,전체,전체,1020762
울산광역시,2024,3,전체,10대,108841
울산광역시,2024,3,전체,20대,120646
울산광역시,2024,3,전체,30대,135770
울산광역시,2024,3,전체,40대,175998
울산광역시,2024,3,전체,50대,203761
울산광역시,2024,3,전체,60대 이상,275746
울산광역시,2024,3,남,전체,524534
울산광역시,2024,3,남,10대,56803
울산광역시,2024,3,남,20대,68789
울산광역시,2024,3,남,30대,73877
울산광역시,2024,3,남,40대,90645
울산광역시,2024,3,남,50대,102072
울산광역시,2024,3,남,60대 이상,132348
울산광역시,2024,3,여,전체,496228
울산광역시,2024,3,여,10대,52038
울산광역시,2024,3,여,20대,51857
울산광역시,2024,3,여,30대,61893
울산광역시,2024,3,여,40대,85353
울산광역시,2024,3,여,50대,101689
울산광역시,2024,3,여,60대 이상,143398
울산광역시,2024,4,전체,전체,1021081
울산광역시,2024,4,전체,10대,108992
울산광역시,2024,4,전체,20대,120301
울산광역시,2024,4,전체,30대,135881
울산광역시,2024,4,전체,40대,175368
울산광역시,2024,4,전체,50대,203631
울산광역시,2024,4,전체,60대 이상,276908
울산광역시,2024,4,남,전체,524750
울산광역시,2024,4,남,10대,56870
울산광역시,2024,4,남,20대,68643
울산광역시,2024,4,남,30대,73998
울산광역시,2024,4,남,40대,90329
울산광역시,2024,4,남,50대,101969
울산광역시,2024,4,남,60대 이상,132941
울산광역시,2024,4,여,전체,496331
울산광역시,2024,4,여,10대,52122
울산광역시,2024,4,여,20대,51658
울산광역시,2024,4,여,30대,61883
울산광역시,2024,4,여,40대,85039
울산광역시,2024,4,여,50대,101662
울산광역시,2024,4,여,60대 이상,143967
울산광역시,2024,5,전체,전체,1021115
울산광역시,2024,5,전체,10대,109027
울산광역시,2024,5,전체,20대,119747
울산광역시,2024,5,전체,30대,136023
울산광역시,2024,5,전체,40대,174990
울산광역시,2024,5,전체,50대,203339
울산광역시,2024,5,전체,60대 이상,277989
울산광역시,2024,5,남,전체,524805
울산광역시,2024,5,남,10대,56854
울산광역시,2024,5,남,20대,68309
울산광역시,2024,5,남,30대,74168
울산광역시,2024,5,남,40대,90182
울산광역시,2024,5,남,50대,101807
울산광역시,2024,5,남,60대 이상,133485
울산광역시,2024,5,여,전체,496310
울산광역시,2024,5,여,10대,52173
울산광역시,2024,5,여,20대,51438
울산광역시,2024,5,여,30대,61855
울산광역시,2024,5,여,40대,84808
울산광역시,2024,5,여,50대,101532
울산광역시,2024,5,여,60대 이상,144504
울산광역시,2024,6,전체,전체,1021277
울산광역시,2024,6,전체,10대,109023
울산광역시,2024,6,전체,20대,119264
울산광역시,2024,6,전체,30대,136146
울산광역시,2024,6,전체,40대,174637
울산광역시,2024,6,전체,50대,203325
울산광역시,2024,6,전체,60대 이상,278882
울산광역시,2024,6,남,전체,524920
울산광역시,2024,6,남,10대,56842
울산광역시,2024,6,남,20대,68082
울산광역시,2024,6,남,30대,74280
울산광역시,2024,6,남,40대,89996
울산광역시,2024,6,남,50대,101817
울산광역시,2024,6,남,60대 이상,133903
울산광역시,2024,6,여,전체,496357
울산광역시,2024,6,여,10대,52181
울산광역시,2024,6,여,20대,51182
울산광역시,2024,6,여,30대,61866
울산광역시,2024,6,여,40대,84641
울산광역시,2024,6,여,50대,101508
울산광역시,2024,6,여,60대 이상,144979
세종특별자치시,2024,1,전체,전체,342741
세종특별자치시,2024,1,전체,10대,50806
세종특별자치시,2024,1,전체,20대,37574
세종특별자치시,2024,1,전체,30대,59102
세종특별자치시,2024,1,전체,40대,77041
세종특별자치시,2024,1,전체,50대,54638
세종특별자치시,2024,1,전체,60대 이상,63580
세종특별자치시,2024,1,남,전체,170200
세종특별자치시,2024,1,남,10대,25635
세종특별자치시,2024,1,남,20대,19074
세종특별자치시,2024,1,남,30대,29103
세종특별자치시,2024,1,남,40대,38124
세종특별자치시,2024,1,남,50대,28586
세종특별자치시,2024,1,남,60대 이상,29678
세종특별자치시,2024,1,여,전체,172541
세종특별자치시,2024,1,여,10대,25171
세종특별자치시,2024,1,여,20대,18500
세종특별자치시,2024,1,여,30대,29999
세종특별자치시,2024,1,여,40대,38917
세종특별자치시,2024,1,여,50대,26052
세종특별자치시,2024,1,여,60대 이상,33902
세종특별자치시,2024,2,전체,전체,343190
세종특별자치시,2024,2,전체,10대,50931
세종특별자치시,2024,2,전체,20대,37379
세종특별자치시,2024,2,전체,30대,58770
세종특별자치시,2024,2,전체,40대,77305
세종특별자치시,2024,2,전체,50대,54892
세종특별자치시,2024,2,전체,60대 이상,63913
세종특별자치시,2024,2,남,전체,170394
세종특별자치시,2024,2,남,10대,25670
세종특별자치시,2024,2,남,20대,18961
세종특별자치시,2024,2,남,30대,29009
세종특별자치시,2024,2,남,40대,38192
세종특별자치시,2024,2,남,50대,28696
세종특별자치시,2024,2,남,60대 이상,29866
세종특별자치시,2024,2,여,전체,172796
세종특별자치시,2024,2,여,10대,25261
세종특별자치시,2024,2,여,20대,18418
세종특별자치시,2024,2,여,30대,29761
세종특별자치시,2024,2,여,40대,39113
세종특별자치시,2024,2,여,50대,26196
세종특별자치시,2024,2,여,60대 이상,34047
세종특별자치시,2024,3,전체,전체,343608
세종특별자치시,2024,3,전체,10대,50966
세종특별자치시,2024,3,전체,20대,37267
세종특별자치시,2024,3,전체,30대,58926
세종특별자치시,2024,3,전체,40대,77171
세종특별자치시,2024,3,전체,50대,55096
세종특별자치시,2024,3,전체,60대 이상,64182
세종특별자치시,2024,3,남,전체,170576
세종특별자치시,2024,3,남,10대,25711
세종특별자치시,2024,3,남,20대,18908
세종특별자치시,2024,3,남,30대,29099
세종특별자치시,2024,3,남,40대,38113
세종특별자치시,2024,3,남,50대,28762
세종특별자치시,2024,3,남,60대 이상,29983
세종특별자치시,2024,3,여,전체,173032
세종특별자치시,2024,3,여,10대,25255
세종특별자치시,2024,3,여,20대,18359
세종특별자치시,2024,3,여,30대,29827
세종특별자치시,2024,3,여,40대,39058
세종특별자치시,2024,3,여,50대,26334
세종특별자치시,2024,3,여,60대 이상,34199
세종특별자치시,2024,4,전체,전체,344144
세종특별자치시,2024,4,전체,10대,51111
세종특별자치시,2024,4,전체,20대,37316
세종특별자치시,2024,4,전체,30대,58922
세종특별자치시,2024,4,전체,40대,77038
세종특별자치시,2024,4,전체,50대,55366
세종특별자치시,2024,4,전체,60대 이상,64391
세종특별자치시,2024,4,남,전체,170893
세종특별자치시,2024,4,남,10대,25812
세종특별자치시,2024,4,남,20대,18946
세종특별자치시,2024,4,남,30대,29080
세종특별자치시,2024,4,남,40대,38048
세종특별자치시,2024,4,남,50대,28917
세종특별자치시,2024,4,남,60대 이상,30090
세종특별자치시,2024,4,여,전체,173251
세종특별자치시,2024,4,여,10대,25299
세종특별자치시,2024,4,여,20대,18370
세종특별자치시,2024,4,여,30대,29842
세종특별자치시,2024,4,여,40대,38990
세종특별자치시,2024,4,여,50대,26449
세종특별자치시,2024,4,여,60대 이상,34301
세종특별자치시,2024,5,전체,전체,344424
세종특별자치시,2024,5,전체,10대,51231
세종특별자치시,2024,5,전체,20대,37150
세종특별자치시,2024,5,전체,30대,58979
세종특별자치시,2024,5,전체,40대,76902
세종특별자치시,2024,5,전체,50대,55565
세종특별자치시,2024,5,전체,60대 이상,64597
세종특별자치시,2024,5,남,전체,170939
세종특별자치시,2024,5,남,10대,25854
세종특별자치시,2024,5,남,20대,18847
세종특별자치시,2024,5,남,30대,29102
세종특별자치시,2024,5,남,40대,37897
세종특별자치시,2024,5,남,50대,29048
세종특별자치시,2024,5,남,60대 이상,30191
세종특별자치시,2024,5,여,전체,173485
세종특별자치시,2024,5,여,10대,25377
세종특별자치시,2024,5,여,20대,18303
세종특별자치시,2024,5,여,30대,29877
세종특별자치시,2024,5,여,40대,39005
세종특별자치시,2024,5,여,50대,26517
세종특별자치시,2024,5,여,60대 이상,34406
세종특별자치시,2024,6,전체,전체,344781
세종특별자치시,2024,6,전체,10대,51338
세종특별자치시,2024,6,전체,20대,37106
세종특별자치시,2024,6,전체,30대,58992
세종특별자치시,2024,6,전체,40대,76901
세종특별자치시,2024,6,전체,50대,55682
세종특별자치시,2024,6,전체,60대 이상,64762
세종특별자치시,2024,6,남,전체,171129
세종특별자치시,2024,6,남,10대,25911
세종특별자치시,2024,6,남,20대,18843
세종특별자치시,2024,6,남,30대,29100
세종특별자치시,2024,6,남,40대,37899
세종특별자치시,2024,6,남,50대,29100
세종특별자치시,2024,6,남,60대 이상,30276
세종특별자치시,2024,6,여,전체,173652
세종특별자치시,2024,6,여,10대,25427
세종특별자치시,2024,6,여,20대,18263
세종특별자치시,2024,6,여,30대,29892
세종특별자치시,2024,6,여,40대,39002
세종특별자치시,2024,6,여,50대,26582
세종특별자치시,2024,6,여,60대 이상,34486
경기도,2024,1,전체,전체,12587757
경기도,2024,1,전체,10대,1318048
경기도,2024,1,전체,20대,1672678
경기도,2024,1,전체,30대,1869423
경기도,2024,1,전체,40대,2240449
경기도,2024,1,전체,50대,2324606
경기도,2024,1,전체,60대 이상,3162553
경기도,2024,1,남,전체,6318750
경기도,2024,1,남,10대,674445
경기도,2024,1,남,20대,879958
경기도,2024,1,남,30대,974639
경기도,2024,1,남,40대,1141157
경기도,2024,1,남,50대,1170198
경기도,2024,1,남,60대 이상,1478353
경기도,2024,1,여,전체,6269007
경기도,2024,1,여,10대,643603
경기도,2024,1,여,20대,792720
경기도,2024,1,여,30대,894784
경기도,2024,1,여,40대,1099292
경기도,2024,1,여,50대,1154408
경기도,2024,1,여,60대 이상,1684200
경기도,2024,2,전체,전체,12596731
경기도,2024,2,전체,10대,1317051
경기도,2024,2,전체,20대,1667069
경기도,2024,2,전체,30대,1865307
경기도,2024,2,전체,40대,2241233
경기도,2024,2,전체,50대,2327779
경기도,2024,2,전체,60대 이상,3178292
경기도,2024,2,남,전체,6323060
경기도,2024,2,남,10대,673988
경기도,2024,2,남,20대,876659
경기도,2024,2,남,30대,972729
경기도,2024,2,남,40대,1142127
경기도,2024,2,남,50대,1171364
경기도,2024,2,남,60대 이상,1486193
경기도,2024,2,여,전체,6273671
경기도,2024,2,여,10대,643063
경기도,2024,2,여,20대,790410
경기도,2024,2,여,30대,892578
경기도,2024,2,여,40대,1099106
경기도,2024,2,여,50대,1156415
경기도,2024,2,여,60대 이상,1692099
경기도,2024,3,전체,전체,12604726
경기도,2024,3,전체,10대,1314890
경기도,2024,3,전체,20대,1662277
경기도,2024,3,전체,30대,1870354
경기도,2024,3,전체,40대,2233935
경기도,2024,3,전체,50대,2328730
경기도,2024,3,전체,60대 이상,3194540
경기도,2024,3,남,전체,6326803
경기도,2024,3,남,10대,673008
경기도,2024,3,남,20대,873994
경기도,2024,3,남,30대,975680
경기도,2024,3,남,40대,1138596
경기도,2024,3,남,50대,1171617
경기도,2024,3,남,60대 이상,1493908
경기도,2024,3,여,전체,6277923
경기도,2024,3,여,10대,641882
경기도,2024,3,여,20대,788283
경기도,2024,3,여,30대,894674
경기도,2024,3,여,40대,1095339
경기도,2024,3,여,50대,1157113
경기도,2024,3,여,60대 이상,1700632
경기도,2024,4,전체,전체,12614777
경기도,2024,4,전체,10대,1315308
경기도,2024,4,전체,20대,1657029
경기도,2024,4,전체,30대,1874971
경기도,2024,4,전체,40대,2227034
경기도,2024,4,전체,50대,2333201
경기도,2024,4,전체,60대 이상,3207234
경기도,2024,4,남,전체,6331483
경기도,2024,4,남,10대,673215
경기도,2024,4,남,20대,870975
경기도,2024,4,남,30대,978328
경기도,2024,4,남,40대,1135001
경기도,2024,4,남,50대,1173934
경기도,2024,4,남,60대 이상,1500030
경기도,2024,4,여,전체,6283294
경기도,2024,4,여,10대,642093
경기도,2024,4,여,20대,786054
경기도,2024,4,여,30대,896643
경기도,2024,4,여,40대,1092033
경기도,2024,4,여,50대,1159267
경기도,2024,4,여,60대 이상,1707204
경기도,2024,5,전체,전체,12625205
경기도,2024,5,전체,10대,1316079
경기도,2024,5,전체,20대,1651888
경기도,2024,5,전체,30대,1879537
경기도,2024,5,전체,40대,2222606
경기도,2024,5,전체,50대,2335268
경기도,2024,5,전체,60대 이상,3219827
경기도,2024,5,남,전체,6336261
경기도,2024,5,남,10대,673486
경기도,2024,5,남,20대,868031
경기도,2024,5,남,30대,980869
경기도,2024,5,남,40대,1132908
경기도,2024,5,남,50대,1174830
경기도,2024,5,남,60대 이상,1506137
경기도,2024,5,여,전체,6288944
경기도,2024,5,여,10대,642593
경기도,2024,5,여,20대,783857
경기도,2024,5,여,30대,898668
경기도,2024,5,여,40대,1089698
경기도,2024,5,여,50대,1160438
경기도,2024,5,여,60대 이상,1713690
경기도,2024,6,전체,전체,12636175
경기도,2024,6,전체,10대,1317389
경기도,2024,6,전체,20대,1648131
경기도,2024,6,전체,30대,1883062
경기도,2024,6,전체,40대,2219067
경기도,2024,6,전체,50대,2337782
경기도,2024,6,전체,60대 이상,3230744
경기도,2024,6,남,전체,6341291
경기도,2024,6,남,10대,674060
경기도,2024,6,남,20대,865784
경기도,2024,6,남,30대,982857
경기도,2024,6,남,40대,1131100
경기도,2024,6,남,50대,1176077
경기도,2024,6,남,60대 이상,1511413
경기도,2024,6,여,전체,6294884
경기도,2024,6,여,10대,643329
경기도,2024,6,여,20대,782347
경기도,2024,6,여,30대,900205
경기도,2024,6,여,40대,1087967
경기도,2024,6,여,50대,1161705
경기도,2024,6,여,60대 이상,1719331
강원도,2024,1,전체,전체,1430601
강원도,2024,1,전체,10대,128454
강원도,2024,1,전체,20대,162184
강원도,2024,1,전체,30대,157815
강원도,2024,1,전체,40대,206971
강원도,2024,1,전체,50대,261180
강원도,2024,1,전체,60대 이상,513997
강원도,2024,1,남,전체,718350
강원도,2024,1,남,10대,66587
강원도,2024,1,남,20대,90787
강원도,2024,1,남,30대,84302
강원도,2024,1,남,40대,105235
강원도,2024,1,남,50대,134731
강원도,2024,1,남,60대 이상,236708
강원도,2024,1,여,전체,712251
강원도,2024,1,여,10대,61867
강원도,2024,1,여,20대,71397
강원도,2024,1,여,30대,73513
강원도,2024,1,여,40대,101736
강원도,2024,1,여,50대,126449
강원도,2024,1,여,60대 이상,277289
강원도,2024,2,전체,전체,1429432
강원도,2024,2,전체,10대,128023
강원도,2024,2,전체,20대,161088
강원도,2024,2,전체,30대,157265
강원도,2024,2,전체,40대,206327
강원도,2024,2,전체,50대,261308
강원도,2024,2,전체,60대 이상,515421
강원도,2024,2,남,전체,717879
강원도,2024,2,남,10대,66389
강원도,2024,2,남,20대,90314
강원도,2024,2,남,30대,84074
강원도,2024,2,남,40대,104935
강원도,2024,2,남,50대,134755
강원도,2024,2,남,60대 이상,237412
강원도,2024,2,여,전체,711553
강원도,2024,2,여,10대,61634
강원도,2024,2,여,20대,70774
강원도,2024,2,여,30대,73191
강원도,2024,2,여,40대,101392
강원도,2024,2,여,50대,126553
강원도,2024,2,여,60대 이상,278009
강원도,2024,3,전체,전체,1429582
강원도,2024,3,전체,10대,127930
강원도,2024,3,전체,20대,160699
강원도,2024,3,전체,30대,157416
강원도,2024,3,전체,40대,205295
강원도,2024,3,전체,50대,260885
강원도,2024,3,전체,60대 이상,517357
강원도,2024,3,남,전체,717994
강원도,2024,3,남,10대,66355
강원도,2024,3,남,20대,90111
강원도,2024,3,남,30대,84134
강원도,2024,3,남,40대,104487
강원도,2024,3,남,50대,134508
강원도,2024,3,남,60대 이상,238399
강원도,2024,3,여,전체,711588
강원도,2024,3,여,10대,61575
강원도,2024,3,여,20대,70588
강원도,2024,3,여,30대,73282
강원도,2024,3,여,40대,100808
강원도,2024,3,여,50대,126377
강원도,2024,3,여,60대 이상,278958
강원도,2024,4,전체,전체,1429445
강원도,2024,4,전체,10대,127936
강원도,2024,4,전체,20대,160117
강원도,2024,4,전체,30대,157399
강원도,2024,4,전체,40대,204281
강원도,2024,4,전체,50대,260976
강원도,2024,4,전체,60대 이상,518736
강원도,2024,4,남,전체,718030
강원도,2024,4,남,10대,66381
강원도,2024,4,남,20대,89813
강원도,2024,4,남,30대,84143
강원도,2024,4,남,40대,103925
강원도,2024,4,남,50대,134553
강원도,2024,4,남,60대 이상,239215
강원도,2024,4,여,전체,711415
강원도,2024,4,여,10대,61555
강원도,2024,4,여,20대,70304
강원도,2024,4,여,30대,73256
강원도,2024,4,여,40대,100356
강원도,2024,4,여,50대,126423
강원도,2024,4,여,60대 이상,279521
강원도,2024,5,전체,전체,1429205
강원도,2024,5,전체,10대,127677
강원도,2024,5,전체,20대,159585
강원도,2024,5,전체,30대,157550
강원도,2024,5,전체,40대,203504
강원도,2024,5,전체,50대,260987
강원도,2024,5,전체,60대 이상,519902
강원도,2024,5,남,전체,717963
강원도,2024,5,남,10대,66231
강원도,2024,5,남,20대,89518
강원도,2024,5,남,30대,84257
강원도,2024,5,남,40대,103551
강원도,2024,5,남,50대,134545
강원도,2024,5,남,60대 이상,239861
강원도,2024,5,여,전체,711242
강원도,2024,5,여,10대,61446
강원도,2024,5,여,20대,70067
강원도,2024,5,여,30대,73293
강원도,2024,5,여,40대,99953
강원도,2024,5,여,50대,126442
강원도,2024,5,여,60대 이상,280041
강원도,2024,6,전체,전체,1429259
강원도,2024,6,전체,10대,127504
강원도,2024,6,전체,20대,159199
강원도,2024,6,전체,30대,157704
강원도,2024,6,전체,40대,202912
강원도,2024,6,전체,50대,260950
강원도,2024,6,전체,60대 이상,520990
강원도,2024,6,남,전체,717990
강원도,2024,6,남,10대,66111
강원도,2024,6,남,20대,89290
강원도,2024,6,남,30대,84389
강원도,2024,6,남,40대,103211
강원도,2024,6,남,50대,134518
강원도,2024,6,남,60대 이상,240471
강원도,2024,6,여,전체,711269
강원도,2024,6,여,10대,61393
강원도,2024,6,여,20대,69909
강원도,2024,6,여,30대,73315
강원도,2024,6,여,40대,99701
강원도,2024,6,여,50대,126432
강원도,2024,6,여,60대 이상,280519
충청북도,2024,1,전체,전체,1484915
충청북도,2024,1,전체,10대,144120
충청북도,2024,1,전체,20대,180077
충청북도,2024,1,전체,30대,186689
충청북도,2024,1,전체,40대,229165
충청북도,2024,1,전체,50대,271690
충청북도,2024,1,전체,60대 이상,473174
충청북도,2024,1,남,전체,754412
충청북도,2024,1,남,10대,74465
충청북도,2024,1,남,20대,99754
충청북도,2024,1,남,30대,102173
충청북도,2024,1,남,40대,118671
충청북도,2024,1,남,50대,139551
충청북도,2024,1,남,60대 이상,219798
충청북도,2024,1,여,전체,730503
충청북도,2024,1,여,10대,69655
충청북도,2024,1,여,20대,80323
충청북도,2024,1,여,30대,84516
충청북도,2024,1,여,40대,110494
충청북도,2024,1,여,50대,132139
충청북도,2024,1,여,60대 이상,253376
충청북도,2024,2,전체,전체,1484306
충청북도,2024,2,전체,10대,143708
충청북도,2024,2,전체,20대,178943
충청북도,2024,2,전체,30대,186152
충청북도,2024,2,전체,40대,228842
충청북도,2024,2,전체,50대,272030
충청북도,2024,2,전체,60대 이상,474631
충청북도,2024,2,남,전체,754203
충청북도,2024,2,남,10대,74281
충청북도,2024,2,남,20대,99132
충청북도,2024,2,남,30대,101897
충청북도,2024,2,남,40대,118557
충청북도,2024,2,남,50대,139698
충청북도,2024,2,남,60대 이상,220638
충청북도,2024,2,여,전체,730103
충청북도,2024,2,여,10대,69427
충청북도,2024,2,여,20대,79811
충청북도,2024,2,여,30대,84255
충청북도,2024,2,여,40대,110285
충청북도,2024,2,여,50대,132332
충청북도,2024,2,여,60대 이상,253993
충청북도,2024,3,전체,전체,1485030
충청북도,2024,3,전체,10대,143743
충청북도,2024,3,전체,20대,178741
충청북도,2024,3,전체,30대,186235
충청북도,2024,3,전체,40대,228007
충청북도,2024,3,전체,50대,271848
충청북도,2024,3,전체,60대 이상,476456
충청북도,2024,3,남,전체,754637
충청북도,2024,3,남,10대,74265
충청북도,2024,3,남,20대,99033
충청북도,2024,3,남,30대,102021
충청북도,2024,3,남,40대,118155
충청북도,2024,3,남,50대,139575
충청북도,2024,3,남,60대 이상,221588
충청북도,2024,3,여,전체,730393
충청북도,2024,3,여,10대,69478
충청북도,2024,3,여,20대,79708
충청북도,2024,3,여,30대,84214
충청북도,2024,3,여,40대,109852
충청북도,2024,3,여,50대,132273
충청북도,2024,3,여,60대 이상,254868
충청북도,2024,4,전체,전체,1485371
충청북도,2024,4,전체,10대,143618
충청북도,2024,4,전체,20대,178116
충청북도,2024,4,전체,30대,186597
충청북도,2024,4,전체,40대,227103
충청북도,2024,4,전체,50대,272091
충청북도,2024,4,전체,60대 이상,477846
충청북도,2024,4,남,전체,754903
충청북도,2024,4,남,10대,74166
충청북도,2024,4,남,20대,98689
충청북도,2024,4,남,30대,102254
충청북도,2024,4,남,40대,117666
충청북도,2024,4,남,50대,139748
충청북도,2024,4,남,60대 이상,222380
충청북도,2024,4,여,전체,730468
충청북도,2024,4,여,10대,69452
충청북도,2024,4,여,20대,79427
충청북도,2024,4,여,30대,84343
충청북도,2024,4,여,40대,109437
충청북도,2024,4,여,50대,132343
충청북도,2024,4,여,60대 이상,255466
충청북도,2024,5,전체,전체,1486096
충청북도,2024,5,전체,10대,143504
충청북도,2024,5,전체,20대,177750
충청북도,2024,5,전체,30대,186941
충청북도,2024,5,전체,40대,226557
충청북도,2024,5,전체,50대,272318
충청북도,2024,5,전체,60대 이상,479026
충청북도,2024,5,남,전체,755302
충청북도,2024,5,남,10대,74057
충청북도,2024,5,남,20대,98479
충청북도,2024,5,남,30대,102473
충청북도,2024,5,남,40대,117382
충청북도,2024,5,남,50대,139910
충청북도,2024,5,남,60대 이상,223001
충청북도,2024,5,여,전체,730794
충청북도,2024,5,여,10대,69447
충청북도,2024,5,여,20대,79271
충청북도,2024,5,여,30대,84468
충청북도,2024,5,여,40대,109175
충청북도,2024,5,여,50대,132408
충청북도,2024,5,여,60대 이상,256025
충청북도,2024,6,전체,전체,1486923
충청북도,2024,6,전체,10대,143471
충청북도,2024,6,전체,20대,177249
충청북도,2024,6,전체,30대,187260
충청북도,2024,6,전체,40대,226355
충청북도,2024,6,전체,50대,272684
충청북도,2024,6,전체,60대 이상,479904
충청북도,2024,6,남,전체,755831
충청북도,2024,6,남,10대,74049
충청북도,2024,6,남,20대,98132
충청북도,2024,6,남,30대,102699
충청북도,2024,6,남,40대,117339
충청북도,2024,6,남,50대,140130
충청북도,2024,6,남,60대 이상,223482
충청북도,2024,6,여,전체,731092
충청북도,2024,6,여,10대,69422
충청북도,2024,6,여,20대,79117
충청북도,2024,6,여,30대,84561
충청북도,2024,6,여,40대,109016
충청북도,2024,6,여,50대,132554
충청북도,2024,6,여,60대 이상,256422
충청남도,2024,1,전체,전체,1980970
충청남도,2024,1,전체,10대,201896
충청남도,2024,1,전체,20대,224488
충청남도,2024,1,전체,30대,249817
충청남도,2024,1,전체,40대,322327
충청남도,2024,1,전체,50대,349067
충청남도,2024,1,전체,60대 이상,633375
충청남도,2024,1,남,전체,1014573
충청남도,2024,1,남,10대,104391
충청남도,2024,1,남,20대,124874
충청남도,2024,1,남,30대,135597
충청남도,2024,1,남,40대,171352
충청남도,2024,1,남,50대,185225
충청남도,2024,1,남,60대 이상,293134
충청남도,2024,1,여,전체,966397
충청남도,2024,1,여,10대,97505
충청남도,2024,1,여,20대,99614
충청남도,2024,1,여,30대,114220
충청남도,2024,1,여,40대,150975
충청남도,2024,1,여,50대,163842
충청남도,2024,1,여,60대 이상,340241
충청남도,2024,2,전체,전체,1982452
충청남도,2024,2,전체,10대,201857
충청남도,2024,2,전체,20대,223436
충청남도,2024,2,전체,30대,249199
충청남도,2024,2,전체,40대,322679
충청남도,2024,2,전체,50대,349979
충청남도,2024,2,전체,60대 이상,635302
충청남도,2024,2,남,전체,1015683
충청남도,2024,2,남,10대,104526
충청남도,2024,2,남,20대,124284
충청남도,2024,2,남,30대,135384
충청남도,2024,2,남,40대,171624
충청남도,2024,2,남,50대,185599
충청남도,2024,2,남,60대 이상,294266
충청남도,2024,2,여,전체,966769
충청남도,2024,2,여,10대,97331
충청남도,2024,2,여,20대,99152
충청남도,2024,2,여,30대,113815
충청남도,2024,2,여,40대,151055
충청남도,2024,2,여,50대,164380
충청남도,2024,2,여,60대 이상,341036
충청남도,2024,3,전체,전체,1984669
충청남도,2024,3,전체,10대,201861
충청남도,2024,3,전체,20대,223368
충청남도,2024,3,전체,30대,249709
충청남도,2024,3,전체,40대,321607
충청남도,2024,3,전체,50대,350420
충청남도,2024,3,전체,60대 이상,637704
충청남도,2024,3,남,전체,1017086
충청남도,2024,3,남,10대,104492
충청남도,2024,3,남,20대,124325
충청남도,2024,3,남,30대,135760
충청남도,2024,3,남,40대,171066
충청남도,2024,3,남,50대,185894
충청남도,2024,3,남,60대 이상,295549
충청남도,2024,3,여,전체,967583
충청남도,2024,3,여,10대,97369
충청남도,2024,3,여,20대,99043
충청남도,2024,3,여,30대,113949
충청남도,2024,3,여,40대,150541
충청남도,2024,3,여,50대,164526
충청남도,2024,3,여,60대 이상,342155
충청남도,2024,4,전체,전체,1986440
충청남도,2024,4,전체,10대,201827
충청남도,2024,4,전체,20대,223056
충청남도,2024,4,전체,30대,250182
충청남도,2024,4,전체,40대,320572
충청남도,2024,4,전체,50대,351303
충청남도,2024,4,전체,60대 이상,639500
충청남도,2024,4,남,전체,1018119
충청남도,2024,4,남,10대,104452
충청남도,2024,4,남,20대,124162
충청남도,2024,4,남,30대,136100
충청남도,2024,4,남,40대,170439
충청남도,2024,4,남,50대,186416
충청남도,2024,4,남,60대 이상,296550
충청남도,2024,4,여,전체,968321
충청남도,2024,4,여,10대,97375
충청남도,2024,4,여,20대,98894
충청남도,2024,4,여,30대,114082
충청남도,2024,4,여,40대,150133
충청남도,2024,4,여,50대,164887
충청남도,2024,4,여,60대 이상,342950
충청남도,2024,5,전체,전체,1987911
충청남도,2024,5,전체,10대,201703
충청남도,2024,5,전체,20대,222985
충청남도,2024,5,전체,30대,250483
충청남도,2024,5,전체,40대,319878
충청남도,2024,5,전체,50대,351630
충청남도,2024,5,전체,60대 이상,641232
충청남도,2024,5,남,전체,1018953
충청남도,2024,5,남,10대,104342
충청남도,2024,5,남,20대,124104
충청남도,2024,5,남,30대,136387
충청남도,2024,5,남,40대,170094
충청남도,2024,5,남,50대,186591
충청남도,2024,5,남,60대 이상,297435
충청남도,2024,5,여,전체,968958
충청남도,2024,5,여,10대,97361
충청남도,2024,5,여,20대,98881
충청남도,2024,5,여,30대,114096
충청남도,2024,5,여,40대,149784
충청남도,2024,5,여,50대,165039
충청남도,2024,5,여,60대 이상,343797
충청남도,2024,6,전체,전체,1988941
충청남도,2024,6,전체,10대,201696
충청남도,2024,6,전체,20대,222530
충청남도,2024,6,전체,30대,250643
충청남도,2024,6,전체,40대,319565
충청남도,2024,6,전체,50대,351932
충청남도,2024,6,전체,60대 이상,642575
충청남도,2024,6,남,전체,1019459
충청남도,2024,6,남,10대,104332
충청남도,2024,6,남,20대,123802
충청남도,2024,6,남,30대,136537
충청남도,2024,6,남,40대,169850
충청남도,2024,6,남,50대,186764
충청남도,2024,6,남,60대 이상,298174
충청남도,2024,6,여,전체,969482
충청남도,2024,6,여,10대,97364
충청남도,2024,6,여,20대,98728
충청남도,2024,6,여,30대,114106
충청남도,2024,6,여,40대,149715
충청남도,2024,6,여,50대,165168
충청남도,2024,6,여,60대 이상,344401
전라북도,2024,1,전체,전체,1646263
전라북도,2024,1,전체,10대,163855
전라북도,2024,1,전체,20대,189335
전라북도,2024,1,전체,30대,171990
전라북도,2024,1,전체,40대,243103
전라북도,2024,1,전체,50대,300274
전라북도,2024,1,전체,60대 이상,577706
전라북도,2024,1,남,전체,817666
전라북도,2024,1,남,10대,84706
전라북도,2024,1,남,20대,102663
전라북도,2024,1,남,30대,89548
전라북도,2024,1,남,40대,124397
전라북도,2024,1,남,50대,155928
전라북도,2024,1,남,60대 이상,260424
전라북도,2024,1,여,전체,828597
전라북도,2024,1,여,10대,79149
전라북도,2024,1,여,20대,86672
전라북도,2024,1,여,30대,82442
전라북도,2024,1,여,40대,118706
전라북도,2024,1,여,50대,144346
전라북도,2024,1,여,60대 이상,317282
전라북도,2024,2,전체,전체,1645238
전라북도,2024,2,전체,10대,163465
전라북도,2024,2,전체,20대,188007
전라북도,2024,2,전체,30대,171097
전라북도,2024,2,전체,40대,243063
전라북도,2024,2,전체,50대,300757
전라북도,2024,2,전체,60대 이상,578849
전라북도,2024,2,남,전체,817321
전라북도,2024,2,남,10대,84557
전라북도,2024,2,남,20대,101943
전라북도,2024,2,남,30대,89146
전라북도,2024,2,남,40대,124444
전라북도,2024,2,남,50대,156098
전라북도,2024,2,남,60대 이상,261133
전라북도,2024,2,여,전체,827917
전라북도,2024,2,여,10대,78908
전라북도,2024,2,여,20대,86064
전라북도,2024,2,여,30대,81951
전라북도,2024,2,여,40대,118619
전라북도,2024,2,여,50대,144659
전라북도,2024,2,여,60대 이상,317716
전라북도,2024,3,전체,전체,1644017
전라북도,2024,3,전체,10대,162969
전라북도,2024,3,전체,20대,187033
전라북도,2024,3,전체,30대,171339
전라북도,2024,3,전체,40대,241686
전라북도,2024,3,전체,50대,300883
전라북도,2024,3,전체,60대 이상,580107
전라북도,2024,3,남,전체,816708
전라북도,2024,3,남,10대,84323
전라북도,2024,3,남,20대,101464
전라북도,2024,3,남,30대,89274
전라북도,2024,3,남,40대,123677
전라북도,2024,3,남,50대,156180
전라북도,2024,3,남,60대 이상,261790
전라북도,2024,3,여,전체,827309
전라북도,2024,3,여,10대,78646
전라북도,2024,3,여,20대,85569
전라북도,2024,3,여,30대,82065
전라북도,2024,3,여,40대,118009
전라북도,2024,3,여,50대,144703
전라북도,2024,3,여,60대 이상,318317
전라북도,2024,4,전체,전체,1643371
전라북도,2024,4,전체,10대,162623
전라북도,2024,4,전체,20대,186297
전라북도,2024,4,전체,30대,171585
전라북도,2024,4,전체,40대,239982
전라북도,2024,4,전체,50대,301692
전라북도,2024,4,전체,60대 이상,581192
전라북도,2024,4,남,전체,816345
전라북도,2024,4,남,10대,84136
전라북도,2024,4,남,20대,100978
전라북도,2024,4,남,30대,89448
전라북도,2024,4,남,40대,122773
전라북도,2024,4,남,50대,156648
전라북도,2024,4,남,60대 이상,262362
전라북도,2024,4,여,전체,827026
전라북도,2024,4,여,10대,78487
전라북도,2024,4,여,20대,85319
전라북도,2024,4,여,30대,82137
전라북도,2024,4,여,40대,117209
전라북도,2024,4,여,50대,145044
전라북도,2024,4,여,60대 이상,318830
전라북도,2024,5,전체,전체,1642799
전라북도,2024,5,전체,10대,162345
전라북도,2024,5,전체,20대,185679
전라북도,2024,5,전체,30대,171739
전라북도,2024,5,전체,40대,238991
전라북도,2024,5,전체,50대,301759
전라북도,2024,5,전체,60대 이상,582286
전라북도,2024,5,남,전체,816172
전라북도,2024,5,남,10대,83994
전라북도,2024,5,남,20대,100685
전라북도,2024,5,남,30대,89571
전라북도,2024,5,남,40대,122221
전라북도,2024,5,남,50대,156647
전라북도,2024,5,남,60대 이상,263054
전라북도,2024,5,여,전체,826627
전라북도,2024,5,여,10대,78351
전라북도,2024,5,여,20대,84994
전라북도,2024,5,여,30대,82168
전라북도,2024,5,여,40대,116770
전라북도,2024,5,여,50대,145112
전라북도,2024,5,여,60대 이상,319232
전라북도,2024,6,전체,전체,1642367
전라북도,2024,6,전체,10대,162098
전라북도,2024,6,전체,20대,185090
전라북도,2024,6,전체,30대,171782
전라북도,2024,6,전체,40대,238159
전라북도,2024,6,전체,50대,302038
전라북도,2024,6,전체,60대 이상,583200
전라북도,2024,6,남,전체,816059
전라북도,2024,6,남,10대,83890
전라북도,2024,6,남,20대,100371
전라북도,2024,6,남,30대,89594
전라북도,2024,6,남,40대,121797
전라북도,2024,6,남,50대,156834
전라북도,2024,6,남,60대 이상,263573
전라북도,2024,6,여,전체,826308
전라북도,2024,6,여,10대,78208
전라북도,2024,6,여,20대,84719
전라북도,2024,6,여,30대,82188
전라북도,2024,6,여,40대,116362
전라북도,2024,6,여,50대,145204
전라북도,2024,6,여,60대 이상,319627
전라남도,2024,1,전체,전체,1691647
전라남도,2024,1,전체,10대,158468
전라남도,2024,1,전체,20대,177007
전라남도,2024,1,전체,30대,168655
전라남도,2024,1,전체,40대,239425
전라남도,2024,1,전체,50대,309461
전라남도,2024,1,전체,60대 이상,638631
전라남도,2024,1,남,전체,851625
전라남도,2024,1,남,10대,81493
전라남도,2024,1,남,20대,99040
전라남도,2024,1,남,30대,89007
전라남도,2024,1,남,40대,126889
전라남도,2024,1,남,50대,166684
전라남도,2024,1,남,60대 이상,288512
전라남도,2024,1,여,전체,840022
전라남도,2024,1,여,10대,76975
전라남도,2024,1,여,20대,77967
전라남도,2024,1,여,30대,79648
전라남도,2024,1,여,40대,112536
전라남도,2024,1,여,50대,142777
전라남도,2024,1,여,60대 이상,350119
전라남도,2024,2,전체,전체,1689949
전라남도,2024,2,전체,10대,158002
전라남도,2024,2,전체,20대,175545
전라남도,2024,2,전체,30대,167822
전라남도,2024,2,전체,40대,239433
전라남도,2024,2,전체,50대,309686
전라남도,2024,2,전체,60대 이상,639461
전라남도,2024,2,남,전체,851002
전라남도,2024,2,남,10대,81327
전라남도,2024,2,남,20대,98229
전라남도,2024,2,남,30대,88638
전라남도,2024,2,남,40대,126861
전라남도,2024,2,남,50대,166855
전라남도,2024,2,남,60대 이상,289092
전라남도,2024,2,여,전체,838947
전라남도,2024,2,여,10대,76675
전라남도,2024,2,여,20대,77316
전라남도,2024,2,여,30대,79184
전라남도,2024,2,여,40대,112572
전라남도,2024,2,여,50대,142831
전라남도,2024,2,여,60대 이상,350369
전라남도,2024,3,전체,전체,1688744
전라남도,2024,3,전체,10대,157520
전라남도,2024,3,전체,20대,174698
전라남도,2024,3,전체,30대,167908
전라남도,2024,3,전체,40대,238357
전라남도,2024,3,전체,50대,309612
전라남도,2024,3,전체,60대 이상,640649
전라남도,2024,3,남,전체,850577
전라남도,2024,3,남,10대,81093
전라남도,2024,3,남,20대,97814
전라남도,2024,3,남,30대,88737
전라남도,2024,3,남,40대,126261
전라남도,2024,3,남,50대,166914
전라남도,2024,3,남,60대 이상,289758
전라남도,2024,3,여,전체,838167
전라남도,2024,3,여,10대,76427
전라남도,2024,3,여,20대,76884
전라남도,2024,3,여,30대,79171
전라남도,2024,3,여,40대,112096
전라남도,2024,3,여,50대,142698
전라남도,2024,3,여,60대 이상,350891
전라남도,2024,4,전체,전체,1688056
전라남도,2024,4,전체,10대,157242
전라남도,2024,4,전체,20대,173972
전라남도,2024,4,전체,30대,168023
전라남도,2024,4,전체,40대,236883
전라남도,2024,4,전체,50대,310152
전라남도,2024,4,전체,60대 이상,641784
전라남도,2024,4,남,전체,850363
전라남도,2024,4,남,10대,80937
전라남도,2024,4,남,20대,97422
전라남도,2024,4,남,30대,88860
전라남도,2024,4,남,40대,125402
전라남도,2024,4,남,50대,167285
전라남도,2024,4,남,60대 이상,290457
전라남도,2024,4,여,전체,837693
전라남도,2024,4,여,10대,76305
전라남도,2024,4,여,20대,76550
전라남도,2024,4,여,30대,79163
전라남도,2024,4,여,40대,111481
전라남도,2024,4,여,50대,142867
전라남도,2024,4,여,60대 이상,351327
전라남도,2024,5,전체,전체,1687095
전라남도,2024,5,전체,10대,157034
전라남도,2024,5,전체,20대,173191
전라남도,2024,5,전체,30대,168180
전라남도,2024,5,전체,40대,236156
전라남도,2024,5,전체,50대,309814
전라남도,2024,5,전체,60대 이상,642720
전라남도,2024,5,남,전체,849979
전라남도,2024,5,남,10대,80791
전라남도,2024,5,남,20대,96995
전라남도,2024,5,남,30대,89010
전라남도,2024,5,남,40대,124982
전라남도,2024,5,남,50대,167130
전라남도,2024,5,남,60대 이상,291071
전라남도,2024,5,여,전체,837116
전라남도,2024,5,여,10대,76243
전라남도,2024,5,여,20대,76196
전라남도,2024,5,여,30대,79170
전라남도,2024,5,여,40대,111174
전라남도,2024,5,여,50대,142684
전라남도,2024,5,여,60대 이상,351649
전라남도,2024,6,전체,전체,1686780
전라남도,2024,6,전체,10대,156894
전라남도,2024,6,전체,20대,172647
전라남도,2024,6,전체,30대,168222
전라남도,2024,6,전체,40대,235549
전라남도,2024,6,전체,50대,309733
전라남도,2024,6,전체,60대 이상,643735
전라남도,2024,6,남,전체,849797
전라남도,2024,6,남,10대,80646
전라남도,2024,6,남,20대,96753
전라남도,2024,6,남,30대,89004
전라남도,2024,6,남,40대,124643
전라남도,2024,6,남,50대,167041
전라남도,2024,6,남,60대 이상,291710
전라남도,2024,6,여,전체,836983
전라남도,2024,6,여,10대,76248
전라남도,2024,6,여,20대,75894
전라남도,2024,6,여,30대,79218
전라남도,2024,6,여,40대,110906
전라남도,2024,6,여,50대,142692
전라남도,2024,6,여,60대 이상,352025
경상북도,2024,1,전체,전체,2393316
경상북도,2024,1,전체,10대,217188
경상북도,2024,1,전체,20대,246101
경상북도,2024,1,전체,30대,257223
경상북도,2024,1,전체,40대,354262
경상북도,2024,1,전체,50대,443019
경상북도,2024,1,전체,60대 이상,875523
경상북도,2024,1,남,전체,1207089
경상북도,2024,1,남,10대,113689
경상북도,2024,1,남,20대,140938
경상북도,2024,1,남,30대,139653
경상북도,2024,1,남,40대,184150
경상북도,2024,1,남,50대,229398
경상북도,2024,1,남,60대 이상,399261
경상북도,2024,1,여,전체,1186227
경상북도,2024,1,여,10대,103499
경상북도,2024,1,여,20대,105163
경상북도,2024,1,여,30대,117570
경상북도,2024,1,여,40대,170112
경상북도,2024,1,여,50대,213621
경상북도,2024,1,여,60대 이상,476262
경상북도,2024,2,전체,전체,2391625
경상북도,2024,2,전체,10대,216695
경상북도,2024,2,전체,20대,244092
경상북도,2024,2,전체,30대,256184
경상북도,2024,2,전체,40대,353493
경상북도,2024,2,전체,50대,443474
경상북도,2024,2,전체,60대 이상,877687
경상북도,2024,2,남,전체,1206536
경상북도,2024,2,남,10대,113525
경상북도,2024,2,남,20대,139774
경상북도,2024,2,남,30대,139336
경상북도,2024,2,남,40대,183747
경상북도,2024,2,남,50대,229662
경상북도,2024,2,남,60대 이상,400492
경상북도,2024,2,여,전체,1185089
경상북도,2024,2,여,10대,103170
경상북도,2024,2,여,20대,104318
경상북도,2024,2,여,30대,116848
경상북도,2024,2,여,40대,169746
경상북도,2024,2,여,50대,213812
경상북도,2024,2,여,60대 이상,477195
경상북도,2024,3,전체,전체,2391314
경상북도,2024,3,전체,10대,216653
경상북도,2024,3,전체,20대,242964
경상북도,2024,3,전체,30대,256324
경상북도,2024,3,전체,40대,351805
경상북도,2024,3,전체,50대,442912
경상북도,2024,3,전체,60대 이상,880656
경상북도,2024,3,남,전체,1206703
경상북도,2024,3,남,10대,113524
경상북도,2024,3,남,20대,139291
경상북도,2024,3,남,30대,139543
경상북도,2024,3,남,40대,182871
경상북도,2024,3,남,50대,229391
경상북도,2024,3,남,60대 이상,402083
경상북도,2024,3,여,전체,1184611
경상북도,2024,3,여,10대,103129
경상북도,2024,3,여,20대,103673
경상북도,2024,3,여,30대,116781
경상북도,2024,3,여,40대,168934
경상북도,2024,3,여,50대,213521
경상북도,2024,3,여,60대 이상,478573
경상북도,2024,4,전체,전체,2391434
경상북도,2024,4,전체,10대,216527
경상북도,2024,4,전체,20대,242399
경상북도,2024,4,전체,30대,256420
경상북도,2024,4,전체,40대,350129
경상북도,2024,4,전체,50대,443051
경상북도,2024,4,전체,60대 이상,882908
경상북도,2024,4,남,전체,1207075
경상북도,2024,4,남,10대,113409
경상북도,2024,4,남,20대,139032
경상북도,2024,4,남,30대,139757
경상북도,2024,4,남,40대,182015
경상북도,2024,4,남,50대,229448
경상북도,2024,4,남,60대 이상,403414
경상북도,2024,4,여,전체,1184359
경상북도,2024,4,여,10대,103118
경상북도,2024,4,여,20대,103367
경상북도,2024,4,여,30대,116663
경상북도,2024,4,여,40대,168114
경상북도,2024,4,여,50대,213603
경상북도,2024,4,여,60대 이상,479494
경상북도,2024,5,전체,전체,2391618
경상북도,2024,5,전체,10대,216496
경상북도,2024,5,전체,20대,241940
경상북도,2024,5,전체,30대,256590
경상북도,2024,5,전체,40대,348943
경상북도,2024,5,전체,50대,442815
경상북도,2024,5,전체,60대 이상,884834
경상북도,2024,5,남,전체,1207289
경상북도,2024,5,남,10대,113344
경상북도,2024,5,남,20대,138849
경상북도,2024,5,남,30대,139866
경상북도,2024,5,남,40대,181455
경상북도,2024,5,남,50대,229279
경상북도,2024,5,남,60대 이상,404496
경상북도,2024,5,여,전체,1184329
경상북도,2024,5,여,10대,103152
경상북도,2024,5,여,20대,103091
경상북도,2024,5,여,30대,116724
경상북도,2024,5,여,40대,167488
경상북도,2024,5,여,50대,213536
경상북도,2024,5,여,60대 이상,480338
경상북도,2024,6,전체,전체,2391278
경상북도,2024,6,전체,10대,216512
경상북도,2024,6,전체,20대,241306
경상북도,2024,6,전체,30대,256471
경상북도,2024,6,전체,40대,348091
경상북도,2024,6,전체,50대,442597
경상북도,2024,6,전체,60대 이상,886301
경상북도,2024,6,남,전체,1207293
경상북도,2024,6,남,10대,113308
경상북도,2024,6,남,20대,138515
경상북도,2024,6,남,30대,139901
경상북도,2024,6,남,40대,181000
경상북도,2024,6,남,50대,229154
경상북도,2024,6,남,60대 이상,405415
경상북도,2024,6,여,전체,1183985
경상북도,2024,6,여,10대,103204
경상북도,2024,6,여,20대,102791
경상북도,2024,6,여,30대,116570
경상북도,2024,6,여,40대,167091
경상북도,2024,6,여,50대,213443
경상북도,2024,6,여,60대 이상,480886
경상남도,2024,1,전체,전체,3028482
경상남도,2024,1,전체,10대,315547
경상남도,2024,1,전체,20대,320865
경상남도,2024,1,전체,30대,347865
경상남도,2024,1,전체,40대,501173
경상남도,2024,1,전체,50대,581192
경상남도,2024,1,전체,60대 이상,961840
경상남도,2024,1,남,전체,1521879
경상남도,2024,1,남,10대,163726
경상남도,2024,1,남,20대,180286
경상남도,2024,1,남,30대,184107
경상남도,2024,1,남,40대,257295
경상남도,2024,1,남,50대,296511
경상남도,2024,1,남,60대 이상,439954
경상남도,2024,1,여,전체,1506603
경상남도,2024,1,여,10대,151821
경상남도,2024,1,여,20대,140579
경상남도,2024,1,여,30대,163758
경상남도,2024,1,여,40대,243878
경상남도,2024,1,여,50대,284681
경상남도,2024,1,여,60대 이상,521886
경상남도,2024,2,전체,전체,3025848
경상남도,2024,2,전체,10대,314855
경상남도,2024,2,전체,20대,318254
경상남도,2024,2,전체,30대,346010
경상남도,2024,2,전체,40대,500191
경상남도,2024,2,전체,50대,581988
경상남도,2024,2,전체,60대 이상,964550
경상남도,2024,2,남,전체,1520839
경상남도,2024,2,남,10대,163535
경상남도,2024,2,남,20대,178881
경상남도,2024,2,남,30대,183362
경상남도,2024,2,남,40대,256856
경상남도,2024,2,남,50대,296919
경상남도,2024,2,남,60대 이상,441286
경상남도,2024,2,여,전체,1505009
경상남도,2024,2,여,10대,151320
경상남도,2024,2,여,20대,139373
경상남도,2024,2,여,30대,162648
경상남도,2024,2,여,40대,243335
경상남도,2024,2,여,50대,285069
경상남도,2024,2,여,60대 이상,523264
경상남도,2024,3,전체,전체,3024587
경상남도,2024,3,전체,10대,314167
경상남도,2024,3,전체,20대,316272
경상남도,2024,3,전체,30대,345954
경상남도,2024,3,전체,40대,498526
경상남도,2024,3,전체,50대,581395
경상남도,2024,3,전체,60대 이상,968273
경상남도,2024,3,남,전체,1520344
경상남도,2024,3,남,10대,163233
경상남도,2024,3,남,20대,177934
경상남도,2024,3,남,30대,183368
경상남도,2024,3,남,40대,256035
경상남도,2024,3,남,50대,296556
경상남도,2024,3,남,60대 이상,443218
경상남도,2024,3,여,전체,1504243
경상남도,2024,3,여,10대,150934
경상남도,2024,3,여,20대,138338
경상남도,2024,3,여,30대,162586
경상남도,2024,3,여,40대,242491
경상남도,2024,3,여,50대,284839
경상남도,2024,3,여,60대 이상,525055
경상남도,2024,4,전체,전체,3024089
경상남도,2024,4,전체,10대,314147
경상남도,2024,4,전체,20대,314641
경상남도,2024,4,전체,30대,345878
경상남도,2024,4,전체,40대,496798
경상남도,2024,4,전체,50대,581477
경상남도,2024,4,전체,60대 이상,971148
경상남도,2024,4,남,전체,1520191
경상남도,2024,4,남,10대,163183
경상남도,2024,4,남,20대,177126
경상남도,2024,4,남,30대,183370
경상남도,2024,4,남,40대,255168
경상남도,2024,4,남,50대,296634
경상남도,2024,4,남,60대 이상,444710
경상남도,2024,4,여,전체,1503898
경상남도,2024,4,여,10대,150964
경상남도,2024,4,여,20대,137515
경상남도,2024,4,여,30대,162508
경상남도,2024,4,여,40대,241630
경상남도,2024,4,여,50대,284843
경상남도,2024,4,여,60대 이상,526438
경상남도,2024,5,전체,전체,3023425
경상남도,2024,5,전체,10대,314126
경상남도,2024,5,전체,20대,313209
경상남도,2024,5,전체,30대,345939
경상남도,2024,5,전체,40대,495320
경상남도,2024,5,전체,50대,581291
경상남도,2024,5,전체,60대 이상,973540
경상남도,2024,5,남,전체,1519950
경상남도,2024,5,남,10대,163169
경상남도,2024,5,남,20대,176358
경상남도,2024,5,남,30대,183478
경상남도,2024,5,남,40대,254351
경상남도,2024,5,남,50대,296648
경상남도,2024,5,남,60대 이상,445946
경상남도,2024,5,여,전체,1503475
경상남도,2024,5,여,10대,150957
경상남도,2024,5,여,20대,136851
경상남도,2024,5,여,30대,162461
경상남도,2024,5,여,40대,240969
경상남도,2024,5,여,50대,284643
경상남도,2024,5,여,60대 이상,527594
경상남도,2024,6,전체,전체,3023857
경상남도,2024,6,전체,10대,314180
경상남도,2024,6,전체,20대,312212
경상남도,2024,6,전체,30대,346056
경상남도,2024,6,전체,40대,494319
경상남도,2024,6,전체,50대,581650
경상남도,2024,6,전체,60대 이상,975440
경상남도,2024,6,남,전체,1520324
경상남도,2024,6,남,10대,163145
경상남도,2024,6,남,20대,175814
경상남도,2024,6,남,30대,183634
경상남도,2024,6,남,40대,253804
경상남도,2024,6,남,50대,296913
경상남도,2024,6,남,60대 이상,447014
경상남도,2024,6,여,전체,1503533
경상남도,2024,6,여,10대,151035
경상남도,2024,6,여,20대,136398
경상남도,2024,6,여,30대,162422
경상남도,2024,6,여,40대,240515
경상남도,2024,6,여,50대,284737
경상남도,2024,6,여,60대 이상,528426
제주특별자치도,2024,1,전체,전체,619771
제주특별자치도,2024,1,전체,10대,70317
제주특별자치도,2024,1,전체,20대,73450
제주특별자치도,2024,1,전체,30대,77519
제주특별자치도,2024,1,전체,40대,107636
제주특별자치도,2024,1,전체,50대,117652
제주특별자치도,2024,1,전체,60대 이상,173197
제주특별자치도,2024,1,남,전체,309528
제주특별자치도,2024,1,남,10대,36388
제주특별자치도,2024,1,남,20대,39166
제주특별자치도,2024,1,남,30대,39217
제주특별자치도,2024,1,남,40대,54737
제주특별자치도,2024,1,남,50대,60783
제주특별자치도,2024,1,남,60대 이상,79237
제주특별자치도,2024,1,여,전체,310243
제주특별자치도,2024,1,여,10대,33929
제주특별자치도,2024,1,여,20대,34284
제주특별자치도,2024,1,여,30대,38302
제주특별자치도,2024,1,여,40대,52899
제주특별자치도,2024,1,여,50대,56869
제주특별자치도,2024,1,여,60대 이상,93960
제주특별자치도,2024,2,전체,전체,619394
제주특별자치도,2024,2,전체,10대,70177
제주특별자치도,2024,2,전체,20대,72801
제주특별자치도,2024,2,전체,30대,77357
제주특별자치도,2024,2,전체,40대,107485
제주특별자치도,2024,2,전체,50대,117902
제주특별자치도,2024,2,전체,60대 이상,173672
제주특별자치도,2024,2,남,전체,309365
제주특별자치도,2024,2,남,10대,36336
제주특별자치도,2024,2,남,20대,38797
제주특별자치도,2024,2,남,30대,39193
제주특별자치도,2024,2,남,40대,54626
제주특별자치도,2024,2,남,50대,60905
제주특별자치도,2024,2,남,60대 이상,79508
제주특별자치도,2024,2,여,전체,310029
제주특별자치도,2024,2,여,10대,33841
제주특별자치도,2024,2,여,20대,34004
제주특별자치도,2024,2,여,30대,38164
제주특별자치도,2024,2,여,40대,52859
제주특별자치도,2024,2,여,50대,56997
제주특별자치도,2024,2,여,60대 이상,94164
제주특별자치도,2024,3,전체,전체,619165
제주특별자치도,2024,3,전체,10대,70043
제주특별자치도,2024,3,전체,20대,72416
제주특별자치도,2024,3,전체,30대,77325
제주특별자치도,2024,3,전체,40대,107232
제주특별자치도,2024,3,전체,50대,118023
제주특별자치도,2024,3,전체,60대 이상,174126
제주특별자치도,2024,3,남,전체,309158
제주특별자치도,2024,3,남,10대,36268
제주특별자치도,2024,3,남,20대,38554
제주특별자치도,2024,3,남,30대,39156
제주특별자치도,2024,3,남,40대,54452
제주특별자치도,2024,3,남,50대,60990
제주특별자치도,2024,3,남,60대 이상,79738
제주특별자치도,2024,3,여,전체,310007
제주특별자치도,2024,3,여,10대,33775
제주특별자치도,2024,3,여,20대,33862
제주특별자치도,2024,3,여,30대,38169
제주특별자치도,2024,3,여,40대,52780
제주특별자치도,2024,3,여,50대,57033
제주특별자치도,2024,3,여,60대 이상,94388
제주특별자치도,2024,4,전체,전체,619151
제주특별자치도,2024,4,전체,10대,70033
제주특별자치도,2024,4,전체,20대,72116
제주특별자치도,2024,4,전체,30대,77336
제주특별자치도,2024,4,전체,40대,106659
제주특별자치도,2024,4,전체,50대,118460
제주특별자치도,2024,4,전체,60대 이상,174547
제주특별자치도,2024,4,남,전체,309168
제주특별자치도,2024,4,남,10대,36246
제주특별자치도,2024,4,남,20대,38377
제주특별자치도,2024,4,남,30대,39198
제주특별자치도,2024,4,남,40대,54135
제주특별자치도,2024,4,남,50대,61233
제주특별자치도,2024,4,남,60대 이상,79979
제주특별자치도,2024,4,여,전체,309983
제주특별자치도,2024,4,여,10대,33787
제주특별자치도,2024,4,여,20대,33739
제주특별자치도,2024,4,여,30대,38138
제주특별자치도,2024,4,여,40대,52524
제주특별자치도,2024,4,여,50대,57227
제주특별자치도,2024,4,여,60대 이상,94568
제주특별자치도,2024,5,전체,전체,619202
제주특별자치도,2024,5,전체,10대,70022
제주특별자치도,2024,5,전체,20대,71757
제주특별자치도,2024,5,전체,30대,77463
제주특별자치도,2024,5,전체,40대,106358
제주특별자치도,2024,5,전체,50대,118569
제주특별자치도,2024,5,전체,60대 이상,175033
제주특별자치도,2024,5,남,전체,309246
제주특별자치도,2024,5,남,10대,36234
제주특별자치도,2024,5,남,20대,38243
제주특별자치도,2024,5,남,30대,39298
제주특별자치도,2024,5,남,40대,53951
제주특별자치도,2024,5,남,50대,61260
제주특별자치도,2024,5,남,60대 이상,80260
제주특별자치도,2024,5,여,전체,309956
제주특별자치도,2024,5,여,10대,33788
제주특별자치도,2024,5,여,20대,33514
제주특별자치도,2024,5,여,30대,38165
제주특별자치도,2024,5,여,40대,52407
제주특별자치도,2024,5,여,50대,57309
제주특별자치도,2024,5,여,60대 이상,94773
제주특별자치도,2024,6,전체,전체,619148
제주특별자치도,2024,6,전체,10대,70038
제주특별자치도,2024,6,전체,20대,71489
제주특별자치도,2024,6,전체,30대,77455
제주특별자치도,2024,6,전체,40대,105961
제주특별자치도,2024,6,전체,50대,118703
제주특별자치도,2024,6,전체,60대 이상,175502
제주특별자치도,2024,6,남,전체,309263
제주특별자치도,2024,6,남,10대,36234
제주특별자치도,2024,6,남,20대,38122
제주특별자치도,2024,6,남,30대,39294
제주특별자치도,2024,6,남,40대,53776
제주특별자치도,2024,6,남,50대,61323
제주특별자치도,2024,6,남,60대 이상,80514
제주특별자치도,2024,6,여,전체,309885
제주특별자치도,2024,6,여,10대,33804
제주특별자치도,2024,6,여,20대,33367
제주특별자치도,2024,6,여,30대,38161
제주특별자치도,2024,6,여,40대,52185
제주특별자치도,2024,6,여,50대,57380
제주특별자치도,2024,6,여,60대 이상,94988
